{"type": "block", "layer": 7, "block": 0, "features": [{"geom": {"polygons": [[[[-42.27082382008666, -174.34952759556472], [-22.646091430506203, -167.0259821806103], [-13.943944562284742, -190.17664085514843], [-33.33463844616199, -197.567413918674], [-42.27082382008666, -174.34952759556472]]]], "centroids": [[-28.06527792091947, -182.26543132029474, 0.0]], "h": 0.3}, "mtl": {"idx": 0}}], "featureCount": 1, "startIndex": 0}