{"type": "block", "layer": 8, "block": 0, "features": [{"geom": {"polygons": [[[[-134.94522244582186, -38.17933020927012], [-136.04144411167363, -35.577443374320865], [-133.97727320209378, -35.33498332090676], [-133.77353017876158, -35.77643829025328], [-133.6332584815682, -36.136956261470914], [-133.39165828895057, -36.78950194828212], [-134.94522244582186, -38.17933020927012]]]], "centroids": [[-134.67159457877278, -36.50401826016605, 0.2]], "h": 0.03}, "mtl": {"idx": 0}}], "featureCount": 1, "startIndex": 0}