{"type": "block", "layer": 23, "block": 0, "features": [{"geom": {"polygons": [[[[-134.11298585595796, -23.375920169055462], [-96.77473185310373, -6.984079254791141], [-90.2281360491761, -21.384144423529506], [-127.80361921672011, -38.050325280055404], [-134.11298585595796, -23.375920169055462]]]], "centroids": [[-112.25605857203482, -22.471770379692316, 0.2]], "h": 0.2}, "mtl": {"idx": 0}}], "featureCount": 1, "startIndex": 0}