{"type": "block", "layer": 24, "block": 0, "features": [{"geom": {"lines": [[[-129.7124754638062, -30.370671682059765, 0.2], [-129.7958956915536, -30.169369312003255, 0.2]]], "w": 0.2, "h": 5.5}, "mtl": {"idx": 0}}], "featureCount": 1, "startIndex": 0}