{"type": "block", "layer": 25, "block": 0, "features": [{"geom": {"lines": [[[-127.77190795826027, -35.05347882770002, 0.2], [-127.85221067402745, -34.85969936288893, 0.2]]], "w": 0.2, "h": 3.6}, "mtl": {"idx": 0}}, {"geom": {"lines": [[[-128.94832025520736, -32.214663948863745, 0.2], [-129.0317404824891, -32.01336158066988, 0.2]]], "w": 0.2, "h": 3.6}, "mtl": {"idx": 0}}], "featureCount": 2, "startIndex": 0}