{"type": "block", "layer": 26, "block": 0, "features": [{"geom": {"lines": [[[-127.77190795826027, -35.05347882770002, 0.0], [-127.70842409372563, -35.20667251572013, 0.0]]], "w": 0.5, "h": 6}, "mtl": {"idx": 0}}], "featureCount": 1, "startIndex": 0}