{"type": "block", "layer": 27, "block": 0, "features": [{"geom": {"lines": [[[-130.4369925838546, -28.622330574318767, 2.9], [-127.77190795826027, -35.05347882770002, 2.9]]], "w": 0.5, "h": 0.2}, "mtl": {"idx": 0}}, {"geom": {"lines": [[[-127.77190795826027, -35.05347882770002, 2.9], [-127.87157714978093, -34.812965884804726, 2.9]]], "w": 0.5, "h": 0.2}, "mtl": {"idx": 0}}, {"geom": {"lines": [[[-128.9748937059776, -32.15053922869265, 2.9], [-129.0745628970326, -31.910026287660003, 2.9]]], "w": 0.5, "h": 0.2}, "mtl": {"idx": 0}}], "featureCount": 3, "startIndex": 0}