{"type": "block", "layer": 28, "block": 0, "features": [{"geom": {"lines": [[[-132.0986623452627, -24.61253498122096, 1.85], [-130.4369925838546, -28.622330574318767, 1.85]]], "w": 0.5, "h": 2.3}, "mtl": {"idx": 0}}], "featureCount": 1, "startIndex": 0}