{"type": "block", "layer": 29, "block": 0, "features": [{"geom": {"lines": [[[53.27747921081027, 159.04780796729028, 2.0], [51.7561171692214, 162.29888902418315, 2.0]]], "w": 0.1, "h": 7}, "mtl": {"idx": 0}}, {"geom": {"lines": [[[7.856129893974867, 142.5654375795275, 2.0], [9.46503619098803, 139.08222511969507, 2.0]]], "w": 0.1, "h": 7}, "mtl": {"idx": 0}}], "featureCount": 2, "startIndex": 0}