{"type": "block", "layer": 35, "block": 0, "features": [{"geom": {"pts": [[-270.516772933217, 52.136963006109, 2.0]], "rotateX": 0, "rotateY": 0, "rotateZ": 110, "scale": 1.1}, "model": 0}, {"geom": {"pts": [[-270.516772933217, 52.136963006109, 2.0]], "rotateX": 0, "rotateY": 0, "rotateZ": 110, "scale": 1.1}, "model": 0}], "featureCount": 2, "startIndex": 0}