{"type": "block", "layer": 37, "block": 0, "features": [{"geom": {"pts": [[-195.89413552114274, 58.66712015494704, 11.2]], "r": 0.7, "h": 1.3}, "mtl": {"idx": 0}}, {"geom": {"pts": [[-189.4446985028917, 61.25875008478761, 11.2]], "r": 0.7, "h": 1.3}, "mtl": {"idx": 0}}], "featureCount": 2, "startIndex": 0}