{"type": "block", "layer": 38, "block": 0, "features": [{"geom": {"pts": [[-189.4446985028917, 61.25875008478761, 12.5]], "w": 0.06, "d": 0.06, "h": 1.0}, "mtl": {"idx": 0}}, {"geom": {"pts": [[-195.89413552114274, 58.66712015494704, 12.5]], "w": 0.06, "d": 0.06, "h": 1.0}, "mtl": {"idx": 0}}], "featureCount": 2, "startIndex": 0}