{"type": "block", "layer": 39, "block": 0, "features": [{"geom": {"lines": [[[-130.22971379203955, -42.787934536114335, 3.5], [-130.35687834216515, -42.50035844929516, 3.5]]], "w": 1, "h": 1}, "mtl": {"idx": 0}}], "featureCount": 1, "startIndex": 0}