{"type": "block", "layer": 40, "block": 0, "features": [{"geom": {"polygons": [[[[-130.22971379203955, -42.787934536114335], [-129.94083581404993, -42.66150590032339], [-129.8044933686615, -42.95812789350748], [-130.08824399212608, -43.08694745413959], [-130.22971379203955, -42.787934536114335]]]], "centroids": [[-130.01626619888702, -42.87347927875817, 0.0]], "h": 4.0}, "mtl": {"idx": 0}}], "featureCount": 1, "startIndex": 0}