{"type": "block", "layer": 41, "block": 0, "features": [{"geom": {"lines": [[[-128.4079591651098, -42.410200010985136, 0.6], [-129.7559632519842, -42.001418525353074, 0.6], [-131.36225259682396, -38.051510190591216, 0.6], [-131.2842068556347, -37.442231776192784, 0.6], [-130.81502091657603, -36.87796806357801, 0.6], [-130.34875493502477, -36.61457207798958, 0.6], [-128.20660991367185, -41.62487811781466, 0.6], [-125.62849069671938, -40.574092607945204, 0.6], [-126.85029177513206, -37.65570984221995, 0.6]]], "w": 0.3, "h": 0.01}, "mtl": {"idx": 0}}], "featureCount": 1, "startIndex": 0}