{"type": "block", "layer": 42, "block": 0, "features": [{"geom": {"polygons": [[[[-130.46795010200003, -42.69124152697623], [-129.85537542501697, -42.423145696520805], [-129.56625705963233, -43.05214179866016], [-130.16795902099693, -43.325307657942176], [-130.46795010200003, -42.69124152697623]]]], "centroids": [[-130.01532788717304, -42.872641798108816, 0.0]], "h": 0.3}, "mtl": {"idx": 0}}], "featureCount": 1, "startIndex": 0}