{"type": "block", "layer": 43, "block": 0, "features": [{"geom": {"pts": [[-131.1242949286825, -82.56853193044662, 2.4]], "rotateX": 0, "rotateY": 0, "rotateZ": 0, "scale": 2}, "model": 0}, {"geom": {"pts": [[-130.72546494725975, -37.81690333224833, 2.4]], "rotateX": 0, "rotateY": 0, "rotateZ": 0, "scale": 2}, "model": 0}], "featureCount": 2, "startIndex": 0}