{"type": "block", "layer": 44, "block": 0, "features": [{"geom": {"pts": [[-48.426289336086484, -228.87159352004528, 0.0]], "rotateX": 0, "rotateY": 0, "rotateZ": 110, "scale": 0.5}, "model": 0}, {"geom": {"pts": [[-47.546053995669354, -230.9993187431246, 0.0]], "rotateX": 0, "rotateY": 0, "rotateZ": 110, "scale": 0.5}, "model": 0}, {"geom": {"pts": [[-44.12069611030165, -226.9842505902052, 0.0]], "rotateX": 0, "rotateY": 0, "rotateZ": 110, "scale": 0.5}, "model": 0}, {"geom": {"pts": [[-43.13739256490953, -229.12337273545563, 0.0]], "rotateX": 0, "rotateY": 0, "rotateZ": 110, "scale": 0.5}, "model": 0}], "featureCount": 4, "startIndex": 0}