{"type": "block", "layer": 45, "block": 0, "features": [{"geom": {"pts": [[-48.98198696406325, -227.53682974353433, 0.0]], "r": 0.2, "h": 5.0}, "mtl": {"idx": 0}}, {"geom": {"pts": [[-46.99654608152923, -232.34722044877708, 0.0]], "r": 0.2, "h": 5.0}, "mtl": {"idx": 0}}, {"geom": {"pts": [[-42.51810587992077, -230.43921073712409, 0.0]], "r": 0.2, "h": 5.0}, "mtl": {"idx": 0}}, {"geom": {"pts": [[-44.598987883131485, -225.45974274352193, 0.0]], "r": 0.2, "h": 5.0}, "mtl": {"idx": 0}}], "featureCount": 4, "startIndex": 0}