{"type": "block", "layer": 50, "block": 0, "features": [{"geom": {"pts": [[-68.66836621792754, -197.9499436225742, -0.04250132560729991]], "rotateX": 0, "rotateY": 0, "rotateZ": 202, "scale": 0.8}, "model": 0}], "featureCount": 1, "startIndex": 0}