{"type": "block", "layer": 53, "block": 0, "features": [{"geom": {"pts": [[-185.14826076937607, 41.76734584197402, 3.4]], "r": 2, "h": 0.4}, "mtl": {"idx": 0}}, {"geom": {"pts": [[-185.14826076937607, 41.76734584197402, 3.4]], "r": 2, "h": 0.4}, "mtl": {"idx": 0}}], "featureCount": 2, "startIndex": 0}