{"type": "block", "layer": 54, "block": 0, "features": [{"geom": {"pts": [[-23.709957204642706, 14.955198219045997, 0.0]], "r": 0.0001}, "mtl": {"idx": 0}, "lbl": "SECRETÁRIA DE SAÚDE - TANHAÇU", "lh": 120.0}, {"geom": {"pts": [[88.75052803981816, 61.036186680197716, 0.0]], "r": 0.0001}, "mtl": {"idx": 0}, "lbl": "ESCOLA MUNICIPAL DE TANHAÇU", "lh": 120.0}, {"geom": {"pts": [[-153.73470706719672, -33.05077110789716, 0.0]], "r": 0.0001}, "mtl": {"idx": 0}, "lbl": "PRAÇA PRINCIPAL - PRAÇA LUIS EDUARDO MAGALHÃES", "lh": 120.0}, {"geom": {"pts": [[133.45755237402045, -294.62458114326, 0.0]], "r": 0.0001}, "mtl": {"idx": 0}, "lbl": "CEMITÉRIO", "lh": 120.0}], "featureCount": 4, "startIndex": 0}