{"type": "block", "layer": 10, "block": 0, "features": [{"geom": {"polygons": [[[[-130.89291236182908, -31.792433401569724], [-130.55905452609295, -31.645773792639375], [-129.273279163579, -34.63217150233686], [-129.62287352705607, -34.78417991474271], [-130.89291236182908, -31.792433401569724]]]], "centroids": [[-130.08228518161923, -33.224703662097454, 0.0]], "h": 0.4}, "mtl": {"idx": 0}}], "featureCount": 1, "startIndex": 0}