{"type": "block", "layer": 55, "block": 0, "features": [{"geom": {"pts": [[-185.10848138123401, 41.70718690007925, 3.8]], "r": 0.9, "h": 0.4}, "mtl": {"idx": 0}}], "featureCount": 1, "startIndex": 0}