{"type": "block", "layer": 59, "block": 0, "features": [{"geom": {"lines": [[[-303.648640509753, 127.46080076694489, 7.0], [-293.08493686286965, 93.1942319702357, 7.0], [-297.1449446925544, 91.81034841760993, 7.0], [-286.2078773039975, 58.20692534931004, 7.0], [-287.17852449655766, 57.92290558107197, 7.0], [-280.3377324147732, 37.38370524533093, 7.0], [-254.31260348722572, 45.998598301783204, 7.0], [-261.32443291373784, 66.406693642959, 7.0], [-262.4447107259766, 66.12617448531091, 7.0], [-273.4249946186901, 100.22356445714831, 7.0], [-276.7503925935016, 99.10054610483348, 7.0], [-287.8420729833306, 132.26156481541693, 7.0], [-303.648640509753, 127.46080076694489, 7.0]]], "w": 0.05, "h": 2.5}, "mtl": {"idx": 0}}], "featureCount": 1, "startIndex": 0}