{"type": "block", "layer": 60, "block": 0, "features": [{"geom": {"lines": [[[-195.68740889016772, 57.21050242520869, 9.0], [-194.9286392070935, 57.49718418903649, 9.0]]], "w": 0.1, "h": 1}, "mtl": {"idx": 0}}, {"geom": {"lines": [[[-189.2238410032005, 59.67808352969587, 9.0], [-188.47296260349685, 59.98737354949117, 9.0]]], "w": 0.1, "h": 1}, "mtl": {"idx": 0}}, {"geom": {"lines": [[[-197.63131647283444, 58.81809118390083, 9.0], [-197.25557059241692, 57.93306809104979, 9.0]]], "w": 0.1, "h": 1}, "mtl": {"idx": 0}}, {"geom": {"lines": [[[-188.30261710478226, 62.65750433318317, 9.0], [-187.9464837955893, 61.78805612586439, 9.0]]], "w": 0.1, "h": 1}, "mtl": {"idx": 0}}], "featureCount": 4, "startIndex": 0}