{"type": "block", "layer": 62, "block": 0, "features": [{"geom": {"lines": [[[-193.1860392895178, 59.45176673308015, 0.0], [-192.4395019603544, 59.725159676745534, 0.0]]], "w": 0.1, "h": 7}, "mtl": {"idx": 0}}, {"geom": {"lines": [[[-192.4395019603544, 59.725159676745534, 0.0], [-193.1860392895178, 59.45176673308015, 0.0], [-191.73911493463675, 59.98165169544518, 0.0]]], "w": 0.1, "h": 7}, "mtl": {"idx": 0}}], "featureCount": 2, "startIndex": 0}