{"type": "block", "layer": 63, "block": 0, "features": [{"geom": {"lines": [[[-296.29553338332335, 91.7856300920248, 0.6], [-287.4882472833269, 94.77582726813853, 0.6]]], "w": 0.05, "h": 1}, "mtl": {"idx": 0}}, {"geom": {"lines": [[[-296.2778641945333, 91.73232182487845, 0.6], [-285.1660670452402, 58.20782569795847, 0.6], [-262.7121100994409, 65.76866315864027, 0.6], [-273.7681277380907, 99.43400030769408, 0.6], [-282.3315079147578, 96.52661261893809, 0.6]]], "w": 0.05, "h": 1}, "mtl": {"idx": 0}}, {"geom": {"lines": [[[-296.29553338332335, 91.7856300920248, 0.6], [-287.4882472833269, 94.77582726813853, 0.6]]], "w": 0.05, "h": 1}, "mtl": {"idx": 0}}, {"geom": {"lines": [[[-296.2778641945333, 91.73232182487845, 0.6], [-285.1660670452402, 58.20782569795847, 0.6], [-262.7121100994409, 65.76866315864027, 0.6], [-273.7681277380907, 99.43400030769408, 0.6], [-282.3315079147578, 96.52661261893809, 0.6]]], "w": 0.05, "h": 1}, "mtl": {"idx": 0}}], "featureCount": 4, "startIndex": 0}