{"type": "block", "layer": 65, "block": 0, "features": [{"geom": {"lines": [[[-197.808102023846, 86.08794221095741, 6.5], [-197.76221518876264, 85.97428889013827, 6.5], [-189.7146657994599, 66.0419771913439, 6.5], [-190.81117647938663, 65.52668439038098, 6.5], [-190.0018240120844, 63.7331012673676, 6.5], [-190.00156371254707, 63.732524424791336, 6.5], [-189.87829532619799, 63.459352837875485, 6.5]]], "w": 0.1, "h": 1}, "mtl": {"idx": 0}}, {"geom": {"lines": [[[-207.0281424271525, 82.28927669301629, 6.5], [-206.98443470528582, 82.17746456153691, 6.5], [-200.18324053805554, 64.778799360618, 6.5], [-199.25543897185707, 62.40531781874597, 6.5], [-198.30745371064404, 62.78255248628557, 6.5], [-197.43901120038936, 60.787773156538606, 6.5], [-197.4389771442511, 60.787694934755564, 6.5], [-197.31919298233697, 60.512555280700326, 6.5], [-197.36286578938598, 60.49525966309011, 6.5]]], "w": 0.1, "h": 1}, "mtl": {"idx": 0}}], "featureCount": 2, "startIndex": 0}