{"type": "block", "layer": 67, "block": 0, "features": [{"geom": {"lines": [[-193.7897756016464, 58.69045458175242, 8.0, -190.8004659060971, 59.780376022681594, 8.0]], "bh": 7.0}, "mtl": {"idx": 0}}], "featureCount": 1, "startIndex": 0}