{"type": "block", "layer": 68, "block": 0, "features": [{"geom": {"lines": [[[-196.17735818499932, 58.54832993261516, 13.13], [-195.5920166723081, 58.79573848284781, 13.13]]], "w": 0.06, "h": 0.06}, "mtl": {"idx": 0}}, {"geom": {"lines": [[[-189.74097259674454, 61.13459915481508, 13.13], [-189.15563108451897, 61.38200770504773, 13.13]]], "w": 0.06, "h": 0.06}, "mtl": {"idx": 0}}, {"geom": {"lines": [[[-196.17735818499932, 58.54832993261516, 13.13], [-195.5920166723081, 58.79573848284781, 13.13]]], "w": 0.06, "h": 0.06}, "mtl": {"idx": 0}}, {"geom": {"lines": [[[-189.74097259674454, 61.13459915481508, 13.13], [-189.15563108451897, 61.38200770504773, 13.13]]], "w": 0.06, "h": 0.06}, "mtl": {"idx": 0}}], "featureCount": 4, "startIndex": 0}