{"type": "block", "layer": 69, "block": 0, "features": [{"geom": {"lines": [[[-207.0281424271525, 82.28927669301629, 7.0], [-197.808102023846, 86.08794221095741, 7.0]]], "w": 0.1, "h": 3}, "mtl": {"idx": 0}}], "featureCount": 1, "startIndex": 0}