{"type": "block", "layer": 11, "block": 0, "features": [{"geom": {"polygons": [[[[-131.20577388169477, -31.928166458383203], [-130.89291236182908, -31.792433401569724], [-129.62287352705607, -34.78417991474271], [-129.91718173964182, -34.91940605454147], [-131.20577388169477, -31.928166458383203]]]], "centroids": [[-130.4152756962576, -33.34312801808119, 0.2]], "h": 0.15}, "mtl": {"idx": 0}}], "featureCount": 1, "startIndex": 0}