{"type": "block", "layer": 71, "block": 0, "features": [{"geom": {"lines": [[[-133.9806385068805, -86.42214641533792, 0.0], [-134.32916053856025, -85.57167194224894, 0.0], [-138.12208843888948, -86.95824473910034, 0.0], [-138.99032364791492, -87.28246662206948, 0.0], [-138.6850156142027, -88.02638766355813, 0.0], [-138.54823237896198, -88.3777090292424, 0.0], [-137.76117474358762, -90.39922988414764, 0.0], [-137.28469450125704, -91.75647656433284, 0.0], [-136.65689097350696, -93.3583431262523, 0.0], [-136.02766372082988, -94.96384237892926, 0.0], [-135.4319370147423, -96.48386360518634, 0.0], [-135.09036134934286, -97.3554079849273, 0.0], [-134.31888257624814, -99.32386785186827, 0.0], [-133.95336449338356, -100.25650229491293, 0.0], [-132.5735946018831, -103.77704200521111, 0.0], [-132.19095444126287, -104.75336413644254, 0.0], [-130.9892065427848, -107.81967339664698, 0.0], [-130.50899434514577, -109.04495459608734, 0.0], [-129.71494783746311, -111.07099696807563, 0.0], [-129.38305600738386, -111.88557587191463, 0.0], [-128.57596635638038, -111.57337576337159, 0.0], [-117.75087816274026, -107.42984609864652, 0.0], [-116.80752859410131, -107.06336091272533, 0.0], [-117.10587789217243, -106.36191669665277, 0.0], [-118.2083650935092, -103.76987683586776, 0.0], [-118.51333098259056, -103.05287645943463, 0.0], [-119.6626846511499, -100.35064960643649, 0.0], [-120.02843513392145, -99.4907395541668, 0.0], [-121.34287238871912, -96.40038734860718, 0.0], [-121.94652232161025, -94.98115573637187, 0.0], [-123.12598970445106, -92.2081290166825, 0.0], [-127.07888126099715, -82.91454950533807, 0.0], [-128.07169234665344, -83.28414226137102, 0.0], [-129.96104864502558, -83.97483032755554, 0.0], [-132.8436504859128, -85.02861711196601, 0.0], [-132.5062881904305, -85.85561351291835, 0.0]]], "w": 0.1, "h": 2}, "mtl": {"idx": 0}}], "featureCount": 1, "startIndex": 0}