{"type": "block", "layer": 75, "block": 0, "features": [{"geom": {"lines": [[[-88.04215515457327, -218.51508627086878, 0.0], [-73.5403582067811, -213.18164519406855, 0.0]]], "w": 0.2, "h": 7}, "mtl": {"idx": 0}}], "featureCount": 1, "startIndex": 0}