{"type": "block", "layer": 76, "block": 0, "features": [{"geom": {"lines": [[[-89.86050695000449, -212.48034554347396, 0.0], [-88.04215515457327, -218.51508627086878, 0.0]]], "w": 0.2, "h": 12}, "mtl": {"idx": 0}}, {"geom": {"lines": [[[-75.7316799434484, -207.308573147282, 0.0], [-73.5403582067811, -213.18164519406855, 0.0]]], "w": 0.2, "h": 12}, "mtl": {"idx": 0}}], "featureCount": 2, "startIndex": 0}