{"type": "block", "layer": 77, "block": 0, "features": [{"geom": {"lines": [[[-89.86050695000449, -212.48034554347396, 5.9], [-75.7316799434484, -207.308573147282, 5.9]]], "w": 0.1, "h": 0.2}, "mtl": {"idx": 0}}, {"geom": {"lines": [[[-89.03037338337163, -215.2353904452175, 5.9], [-74.6871622033068, -210.10803788900375, 5.9]]], "w": 0.1, "h": 0.2}, "mtl": {"idx": 0}}, {"geom": {"lines": [[[-88.16393329115817, -218.11092933826149, 5.9], [-73.67627913091565, -212.81735665909946, 5.9]]], "w": 0.1, "h": 0.2}, "mtl": {"idx": 0}}], "featureCount": 3, "startIndex": 0}