{"type": "block", "layer": 79, "block": 0, "features": [{"geom": {"lines": [[[-62.984641842136625, -199.47096473537385, 0.0], [-62.0792862973758, -199.05697415582836, 0.0], [-60.503658733854536, -202.71681054122746, 0.0], [-61.47221747325966, -203.12586873956025, 0.0], [-62.984641842136625, -199.47096473537385, 0.0]]], "w": 0.1, "h": 1.2}, "mtl": {"idx": 0}}, {"geom": {"lines": [[[-65.46313051047036, -193.6826481167227, 0.0], [-64.55777496664086, -193.2686575371772, 0.0], [-62.982147402653936, -196.9284939225763, 0.0], [-63.95070614205906, -197.3375521209091, 0.0], [-65.46313051047036, -193.6826481167227, 0.0]]], "w": 0.1, "h": 1.2}, "mtl": {"idx": 0}}], "featureCount": 2, "startIndex": 0}