{"type": "block", "layer": 81, "block": 0, "features": [{"geom": {"lines": [[[-60.5761577860103, -196.21205385774374, 0.0], [-59.991533848515246, -197.5525772999972, 0.0]]], "w": 0.09, "h": 8}, "mtl": {"idx": 0}}], "featureCount": 1, "startIndex": 0}