{"type": "block", "layer": 85, "block": 0, "features": [{"geom": {"lines": [[[-186.87336793733994, 41.12394396774471, 0.5], [-186.55026340816403, 42.66373225487769, 0.5], [-186.46986207837472, 42.81506319530308, 0.5], [-185.02691034279997, 43.357827642932534, 0.5], [-184.86083456041524, 43.375638293102384, 0.5], [-183.41309224587167, 42.4770248811692, 0.5], [-183.34087491832906, 42.35294868610799, 0.5], [-183.63980700919637, 40.67385482788086, 0.5], [-183.7223269274109, 40.56500434689224, 0.5], [-185.31150237756083, 39.967671575024724, 0.5], [-185.44475972099463, 39.96751845814288, 0.5], [-186.85873494349653, 40.9909347537905, 0.5], [-186.87336793733994, 41.12394396774471, 0.5]]], "w": 0.04, "h": 0.1}, "mtl": {"idx": 0}}], "featureCount": 1, "startIndex": 0}