{"type": "block", "layer": 86, "block": 0, "features": [{"geom": {"lines": [[[-186.85873494349653, 40.9909347537905, 3.3], [-186.87336793733994, 41.12394396774471, 3.3], [-186.55026340816403, 42.66373225487769, 3.3], [-186.46986207837472, 42.81506319530308, 3.3], [-185.02691034279997, 43.357827642932534, 3.3], [-184.86083456041524, 43.375638293102384, 3.3], [-183.41309224587167, 42.4770248811692, 3.3], [-183.34087491832906, 42.35294868610799, 3.3], [-183.63980700919637, 40.67385482788086, 3.3], [-183.7223269274109, 40.56500434689224, 3.3], [-185.31150237756083, 39.967671575024724, 3.3], [-185.44475972099463, 39.96751845814288, 3.3], [-186.85873494349653, 40.9909347537905, 3.3]]], "w": 0.05, "h": 0.2}, "mtl": {"idx": 0}}], "featureCount": 1, "startIndex": 0}