{"type": "block", "layer": 90, "block": 0, "features": [{"geom": {"lines": [[[-130.34875493502477, -36.61457207798958, 0.2], [-130.81502091657603, -36.87796806357801, 0.2], [-131.2842068556347, -37.442231776192784, 0.2], [-131.36225259682396, -38.051510190591216, 0.2], [-129.7559632519842, -42.001418525353074, 0.2], [-128.4079591651098, -42.410200010985136, 0.2], [-95.32004742935533, -27.369135534390807, 0.2], [-96.77271438954631, -24.291961630806327, 0.2]]], "w": 0.3, "h": 0.8}, "mtl": {"idx": 0}}, {"geom": {"lines": [[[-130.34875493502477, -36.61457207798958, 0.2], [-128.20660991367185, -41.62487811781466, 0.2], [-125.62849069671938, -40.574092607945204, 0.2], [-126.85029177513206, -37.65570984221995, 0.2]]], "w": 0.3, "h": 0.8}, "mtl": {"idx": 0}}], "featureCount": 2, "startIndex": 0}