{"type": "block", "layer": 12, "block": 0, "features": [{"geom": {"polygons": [[[[-131.5186510393978, -32.06392959691584], [-131.20577388169477, -31.928166458383203], [-129.91718173964182, -34.91940605454147], [-130.25584074348444, -35.0662169996649], [-131.5186510393978, -32.06392959691584]]]], "centroids": [[-130.71596309597953, -33.514156533405185, 0.2]], "h": 0.1}, "mtl": {"idx": 0}}], "featureCount": 1, "startIndex": 0}