{"type": "block", "layer": 92, "block": 0, "features": [{"geom": {"polygons": [[[[-211.19126742897788, 101.59362529031932], [-209.2962663290673, 102.62391266785562], [-207.176880146435, 101.27245269156992], [-207.3953596172505, 99.01205160468817], [-209.64405747741694, 97.99884734116495], [-211.48779482819373, 99.31038670800626], [-211.19126742897788, 101.59362529031932]]]], "centroids": [[-209.33408332351246, 100.29270026646554, 0.4]], "h": 2.6}, "mtl": {"idx": 0}}, {"geom": {"polygons": [[[[-162.60211482137674, -15.88372172228992], [-160.9970507817925, -15.086508113890886], [-158.9129317305633, -15.823675507679582], [-158.0886312071816, -17.738344380632043], [-158.90951171709457, -19.61633105389774], [-160.78670063434402, -20.30599476583302], [-162.69870291562984, -19.471670515835285], [-163.45202124590287, -17.805297126993537], [-163.34519397799158, -17.563768593594432], [-162.60211482137674, -15.88372172228992]]]], "centroids": [[-160.75973439987865, -17.710647851228714, 0.4]], "h": 2.6}, "mtl": {"idx": 0}}, {"geom": {"polygons": [[[[-115.2112594973878, -147.25086672790349], [-114.39781947160373, -145.47315663844347], [-112.71266462566564, -144.7327732015401], [-110.72469159733737, -145.469968682155], [-110.06217272399226, -147.42225595749915], [-110.74895272037247, -149.15996026806533], [-112.83041136950487, -149.83378017134964], [-114.54317794047529, -149.10143171437085], [-115.2112594973878, -147.25086672790349]]]], "centroids": [[-112.62066843605135, -147.30698930844665, 0.4]], "h": 2.6}, "mtl": {"idx": 0}}, {"geom": {"polygons": [[[[-106.1263922365033, -143.41390119306743], [-105.31851517601172, -141.5896697025746], [-103.58896761300275, -140.96973240189254], [-101.52938980475301, -141.53026699647307], [-100.63341855077306, -143.47753387503326], [-101.29652569821337, -145.22863234765828], [-103.41012700746069, -146.12403915636241], [-105.39281789964298, -145.4056096058339], [-106.1263922365033, -143.41390119306743]]]], "centroids": [[-103.39906904887175, -143.5157563239336, 0.4]], "h": 2.6}, "mtl": {"idx": 0}}], "featureCount": 4, "startIndex": 0}