{"type": "block", "layer": 94, "block": 0, "features": [{"geom": {"polygons": [[[[51.7469333926565, -113.48115220107138], [54.354969924723264, -119.13396499492228], [48.33624382823473, -122.1109463069588], [46.47439206199488, -122.88643998093903], [44.61525486729806, -118.79150428064167], [43.706017849443015, -116.45127133838832], [51.7469333926565, -113.48115220107138]], [[52.94187352102017, -118.73688256926835], [51.58694018604001, -115.85367038846016], [50.314421730989125, -116.36319311521947], [49.728147465211805, -114.91360872425139], [47.158031954371836, -115.99610854871571], [47.84081748960307, -117.49850957654417], [46.664810303540435, -118.06084893457592], [47.834699401573744, -120.92962025292218], [52.94187352102017, -118.73688256926835]]]], "centroids": [[48.629367030924186, -118.14029373601079, 0.0]], "h": 0.3}, "mtl": {"idx": 0}}, {"geom": {"polygons": [[[[-15.596073954890016, -95.37674161233008], [-11.182722719444428, -93.30596584267914], [-12.863278239557985, -89.50170764885843], [-1.3315732218907215, -84.4190058875829], [2.0002840444794856, -91.69315013103187], [-14.685321200231556, -98.08440359123051], [-15.596073954890016, -95.37674161233008]]]], "centroids": [[-6.42945745261386, -91.15328021161258, 0.0]], "h": 0.3}, "mtl": {"idx": 0}}, {"geom": {"polygons": [[[[-269.8317748089903, -102.84044191613793], [-269.39633729314664, -103.35368854738772], [-264.8934024107293, -100.73139028437436], [-262.14684106135974, -104.028878191486], [-261.5264454279677, -103.76784717850387], [-260.38171415921533, -105.29875099286437], [-260.7949323137873, -105.56462892703712], [-260.056856735202, -106.64868584088981], [-268.49105844512815, -111.3378706201911], [-269.626674609317, -110.17373098433018], [-273.0295132729807, -104.88909822516143], [-269.8317748089903, -102.84044191613793]], [[-267.6902622455382, -110.11917987279594], [-267.44446957908804, -110.04024429433048], [-262.05239844095195, -106.42125256359577], [-261.9177439301857, -106.122314279899], [-261.93469781946624, -105.92853042855859], [-264.02937921561534, -102.86116795428097], [-264.2237314717495, -102.74033595435321], [-264.3957145116874, -102.74389622174203], [-264.5741101648309, -102.80544902570546], [-265.0985559723922, -103.15167780406773], [-268.24448549567023, -105.22855844534934], [-268.33168874686817, -105.28213294781744], [-268.41247938532615, -105.27771490998566], [-268.50124832621077, -105.18210447393358], [-269.0230313214124, -104.46965866349638], [-269.1901674401597, -104.26604144833982], [-269.35673515690723, -104.20021012611687], [-269.61492416082183, -104.26874394342303], [-271.04579950269544, -105.24391563236713], [-271.11462269030744, -105.37628619931638], [-271.1120597120025, -105.53687019087374], [-270.99493783159414, -105.82526719383895], [-268.2573624100187, -109.93906867690384], [-268.13240174303064, -110.05448535270989], [-267.91724596271524, -110.1505246758461], [-267.6902622455382, -110.11917987279594]]]], "centroids": [[-266.7236502120795, -105.60963246412575, 0.0]], "h": 0.3}, "mtl": {"idx": 0}}, {"geom": {"polygons": [[[[51.6418623313657, -132.05081217363477], [55.689712915511336, -130.21386138536036], [57.84815476409858, -134.6751488726586], [57.61538338888204, -134.7772946227342], [60.517559033294674, -140.78171651996672], [60.94143000378972, -141.63867967016995], [57.01016870694002, -143.31278803013265], [52.717102985305246, -133.3741324711591], [52.297548315429594, -133.56348093040287], [51.6418623313657, -132.05081217363477]]]], "centroids": [[56.370518004579935, -136.7413917593658, 0.0]], "h": 0.3}, "mtl": {"idx": 0}}, {"geom": {"polygons": [[[[11.650520713010337, -7.439200382679701], [16.31836929259589, -5.460782697424293], [17.082276823872235, -5.219501243904233], [17.581084740755614, -5.437533512711525], [18.106398694158997, -5.958531165495515], [21.976142796163913, -14.29877064190805], [21.95693523850059, -14.453093266114593], [21.818705565237906, -14.617828974500299], [21.569434037839528, -14.759570548310876], [15.624120993947145, -17.340387465432286], [15.384590584260877, -17.219604494050145], [15.187801404797938, -16.964245995506644], [11.489561763533857, -8.216493358835578], [11.431948902027216, -7.807219345122576], [11.650520713010337, -7.439200382679701]]]], "centroids": [[16.59844549567788, -11.19375048018992, 0.0]], "h": 0.3}, "mtl": {"idx": 0}}], "featureCount": 5, "startIndex": 0}