{"type": "block", "layer": 95, "block": 0, "features": [{"geom": {"polygons": [[[[-19.07546002237359, 20.468738861382008], [14.444231069122907, 35.90759930573404], [18.1720793521381, 27.773621656000614], [-15.353999065293465, 12.407768668606877], [-19.07546002237359, 20.468738861382008]]]], "centroids": [[-0.43186648003757, 24.149821430444717, 0.0]], "h": 5.5}, "mtl": {"idx": 0}}, {"geom": {"polygons": [[[[1.7783633022918366, 36.05010620318353], [12.141815384791698, 40.782237300649285], [14.202853050024714, 36.14396343939006], [4.069377777574118, 31.726217828691006], [1.7783633022918366, 36.05010620318353]]]], "centroids": [[8.075701072608354, 36.201893696561456, 0.0]], "h": 4.3}, "mtl": {"idx": 0}}], "featureCount": 2, "startIndex": 0}