{"type": "block", "layer": 97, "block": 16, "features": [{"geom": {"polygons": [[[[46.868851030187216, -85.30468884110451], [50.25125489191851, -83.96207761578262], [51.223821431805845, -86.8535115737468], [47.78339760139352, -87.90681754425168], [46.868851030187216, -85.30468884110451]]]], "centroids": [[49.05958145958721, -85.99425388686359, 0.0]], "h": 2.016}, "mtl": {"idx": 0}}, {"geom": {"polygons": [[[[75.45060928625753, -135.33482489921153], [90.27580786630278, -129.81832211837173], [91.64926105638733, -132.80551919527352], [76.77495959860971, -138.88237157650292], [75.45060928625753, -135.33482489921153]]]], "centroids": [[83.36296812270302, -134.2835931479931, 0.0]], "h": 2.0}, "mtl": {"idx": 0}}, {"geom": {"polygons": [[[[-61.67810958070913, 92.66189018636942], [-56.228992886899505, 95.12491566129029], [-57.01653686823556, 97.18943659029901], [-53.19070267357165, 98.86673830263317], [-52.35638725484023, 96.89826719649136], [-24.64971666043857, 109.19855976291001], [-21.352599153353367, 102.20395852439106], [-27.436427356267814, 99.42792101018131], [-25.54238680988783, 95.4371333066374], [-19.356808183307294, 97.89102457650006], [-16.20570559805492, 90.88364868424833], [-58.50686049700016, 71.54994283989072], [-61.61507202644134, 78.48750492930412], [-30.27100988436723, 93.14749227277935], [-31.731125992781017, 95.96239983476698], [-57.74698384018848, 84.30660660006106], [-61.67810958070913, 92.66189018636942]]]], "centroids": [[-40.17279964679619, 90.96344595216215, 0.0]], "h": 2.0}, "mtl": {"idx": 0}}, {"geom": {"polygons": [[[[-30.49040408997098, -121.08470975421369], [-37.86950650118524, -100.33170611970127], [-13.170529868046287, -89.60035414807498], [-11.533835656533483, -93.17225905694067], [-32.28264037525514, -102.49130471982062], [-26.392165368015412, -119.7881902679801], [-30.49040408997098, -121.08470975421369]]]], "centroids": [[-27.632056055765133, -103.16622103750706, 0.0]], "h": 2.0}, "mtl": {"idx": 0}}], "featureCount": 4, "startIndex": 800}