{"type": "block", "layer": 99, "block": 0, "features": [{"geom": {"polygons": [[[[-273.4249946186901, 100.22356445714831], [-262.4447107259766, 66.12617448531091], [-261.32443291373784, 66.406693642959], [-254.31260348722572, 45.998598301783204], [-280.3377324147732, 37.38370524533093], [-287.17852449655766, 57.92290558107197], [-286.2078773039975, 58.20692534931004], [-297.1449446925544, 91.81034841760993], [-293.08493686286965, 93.1942319702357], [-303.648640509753, 127.46080076694489], [-287.8420729833306, 132.26156481541693], [-276.7503925935016, 99.10054610483348], [-273.4249946186901, 100.22356445714831]]]], "centroids": [[-280.26153062592493, 81.11562348157167, 8.0]], "h": 0.1}, "mtl": {"idx": 0}}], "featureCount": 1, "startIndex": 0}