{"type": "block", "layer": 101, "block": 0, "features": [{"geom": {"polygons": [[[[-296.29553338332335, 91.7856300920248], [-287.4882472833269, 94.77582726813853], [-284.6490948969149, 87.22136122919619], [-282.3315079147578, 96.52661261893809], [-273.7681277380907, 99.43400030769408], [-262.7121100994409, 65.76866315864027], [-285.1660670452402, 58.20782569795847], [-296.29553338332335, 91.7856300920248]]]], "centroids": [[-279.3429014959256, 78.43511858955026, 0.0]], "h": 8.0}, "mtl": {"idx": 0}, "lbl": "MERCADO MUNICIPAL", "lh": 50.0}], "featureCount": 1, "startIndex": 0}