{"type": "block", "layer": 102, "block": 0, "features": [{"geom": {"polygons": [[[[-193.7897756016464, 58.69045458175242], [-194.91599257668713, 61.46428791061044], [-191.9070318416343, 62.6559180803597], [-190.8004659060971, 59.780376022681594], [-191.54003849817673, 59.51072312518954], [-193.00212478690082, 58.977637108415365], [-193.7897756016464, 58.69045458175242]]]], "centroids": [[-192.84768218218233, 60.65459957905114, 7.1]], "h": 0.02}, "mtl": {"idx": 0}}], "featureCount": 1, "startIndex": 0}