{"type": "block", "layer": 104, "block": 0, "features": [{"geom": {"polygons": [[[[-207.14553265232826, 88.190614849329], [-206.10751394421095, 88.59871835075319], [-205.87375576613704, 88.18692124262452], [-206.92207121342653, 87.73883061297238], [-207.14553265232826, 88.190614849329]]]], "centroids": [[-206.51766090936144, 88.17545231804252, 0.0]], "h": 3.0}, "mtl": {"idx": 0}}, {"geom": {"polygons": [[[[-202.1459816247807, 90.18535804003477], [-201.1973603014485, 90.58025641553104], [-200.9907832351164, 90.16378208994865], [-201.918081244512, 89.75157022662461], [-202.1459816247807, 90.18535804003477]]]], "centroids": [[-201.56724125726032, 90.16891034133732, 0.0]], "h": 3.0}, "mtl": {"idx": 0}}], "featureCount": 2, "startIndex": 0}