{"type": "block", "layer": 105, "block": 0, "features": [{"geom": {"polygons": [[[[-287.4882472833269, 94.77582726813853], [-282.3315079147578, 96.52661261893809], [-281.96607879322255, 95.53661736473441], [-287.1348641864606, 93.8355393782258], [-287.4882472833269, 94.77582726813853]]]], "centroids": [[-284.7089065751061, 95.17585982941091, 0.0]], "h": 4.0}, "mtl": {"idx": 0}}, {"geom": {"polygons": [[[[-287.4882472833269, 94.77582726813853], [-282.3315079147578, 96.52661261893809], [-281.96607879322255, 95.53661736473441], [-287.1348641864606, 93.8355393782258], [-287.4882472833269, 94.77582726813853]]]], "centroids": [[-284.7089065751061, 95.17585982941091, 0.0]], "h": 4.0}, "mtl": {"idx": 0}}], "featureCount": 2, "startIndex": 0}