{"type": "block", "layer": 106, "block": 0, "features": [{"geom": {"polygons": [[[[-196.77442944521317, 56.799799447879195], [-193.5457906020456, 58.01965825073421], [-193.7897756016464, 58.69045458175242], [-193.1919003255316, 58.90844373218715], [-193.0926405103528, 58.944634499028325], [-193.00212478783214, 58.97763711027801], [-193.1860392895178, 59.45176673308015], [-191.73911493463675, 59.98165169544518], [-191.54003849817673, 59.51072312518954], [-190.8004659060971, 59.780376022681594], [-190.51605169760296, 59.14581641741097], [-188.90804481046507, 59.80816133134067], [-187.39139118936146, 60.432877441868186], [-185.61911503697047, 56.32204840146005], [-185.59296567883575, 56.02315985225141], [-185.6871834928752, 55.753024408593774], [-185.8203867711709, 55.47947817854583], [-194.25671016337583, 51.926051650196314], [-194.4940337264561, 51.94457239471376], [-194.78171203943202, 52.08963389880955], [-194.94171266636113, 52.27205499820411], [-195.1634373292909, 52.71096839569509], [-196.77442944521317, 56.799799447879195]]]], "centroids": [[-191.17307112875278, 56.284044709056616, 0.0]], "h": 0.5}, "mtl": {"idx": 0}, "lbl": "PARÓQUIA NOSSA SENHORA DO PERPÉTUO SOCORRO", "lh": 90.0}], "featureCount": 1, "startIndex": 0}