{"type": "block", "layer": 107, "block": 0, "features": [{"geom": {"polygons": [[[[-46.27760840213159, -304.68770648539066], [-38.630882112367544, -301.18387506343424], [-38.30775126727531, -301.817065006122], [-46.03262466430897, -305.3277334161103], [-46.27760840213159, -304.68770648539066]]]], "centroids": [[-42.287915422202786, -303.243566127494, 0.6]], "h": 0.4}, "mtl": {"idx": 0}}, {"geom": {"polygons": [[[[-46.27760840213159, -304.68770648539066], [-38.630882112367544, -301.18387506343424], [-38.30775126727531, -301.817065006122], [-46.03262466430897, -305.3277334161103], [-46.27760840213159, -304.68770648539066]]]], "centroids": [[-42.287915422202786, -303.243566127494, 0.6]], "h": 0.4}, "mtl": {"idx": 0}}], "featureCount": 2, "startIndex": 0}