{"type": "block", "layer": 108, "block": 0, "features": [{"geom": {"polygons": [[[[-198.84027319034794, 60.237142914906144], [-207.4066602141247, 82.00363264605403], [-197.3933741725632, 86.1261421982199], [-188.35312164301286, 64.38152148388326], [-188.65362087037647, 64.26623979024589], [-198.5985259586596, 60.32857381738722], [-198.84027319034794, 60.237142914906144]]]], "centroids": [[-197.9631522911077, 73.11577909626067, 7.0]], "h": 0.1}, "mtl": {"idx": 0}}], "featureCount": 1, "startIndex": 0}