{"type": "block", "layer": 13, "block": 0, "features": [{"geom": {"lines": [[[-130.4369925838546, -28.622330574318767, 3.25], [-127.77190795826027, -35.05347882770002, 3.25]]], "w": 0.7, "h": 0.2}, "mtl": {"idx": 0}}, {"geom": {"lines": [[[-124.23489369318122, -35.9600899014622, 3.25], [-116.62535616947571, -32.61204676516354, 3.25]]], "w": 0.7, "h": 0.2}, "mtl": {"idx": 0}}], "featureCount": 2, "startIndex": 0}