{"type": "block", "layer": 109, "block": 0, "features": [{"geom": {"polygons": [[[[-197.808102023846, 86.08794221095741], [-207.0281424271525, 82.28927669301629], [-209.17593550874153, 87.37840034253895], [-207.14553265232826, 88.190614849329], [-206.92207121342653, 87.73883061297238], [-205.87375576613704, 88.18692124262452], [-206.10751394421095, 88.59871835075319], [-202.1459816247807, 90.18535804003477], [-201.918081244512, 89.75157022662461], [-200.9907832351164, 90.16378208994865], [-201.1973603014485, 90.58025641553104], [-199.87934376957128, 91.12551702000201], [-197.808102023846, 86.08794221095741]]]], "centroids": [[-203.47009664046345, 86.66498973034322, 0.0]], "h": 4.5}, "mtl": {"idx": 0}}], "featureCount": 1, "startIndex": 0}