{"type": "block", "layer": 110, "block": 0, "features": [{"geom": {"polygons": [[[[-197.31919298233697, 60.512555280700326], [-198.30745371064404, 62.78255248628557], [-199.25543897185707, 62.40531781874597], [-207.0281424271525, 82.28927669301629], [-197.808102023846, 86.08794221095741], [-189.7146657994599, 66.0419771913439], [-190.81117647938663, 65.52668439038098], [-189.87829532573232, 63.459352837875485], [-197.31919298233697, 60.512555280700326]]]], "centroids": [[-198.0729036940611, 73.26516583561897, 0.0]], "h": 7.0}, "mtl": {"idx": 0}}], "featureCount": 1, "startIndex": 0}