{"type": "block", "layer": 111, "block": 0, "features": [{"geom": {"polygons": [[[[-197.10178711503977, 59.2645064573735], [-195.44189963588724, 59.976521449163556], [-194.64673139812658, 58.05141198821366], [-196.34731777809793, 57.368535939604044], [-197.10178711503977, 59.2645064573735]]]], "centroids": [[-195.88059648135095, 58.66410016641021, 10.5]], "h": 0.7}, "mtl": {"idx": 0}}, {"geom": {"polygons": [[[[-190.5871779183508, 61.796438943594694], [-188.9705587644712, 62.504668449983], [-188.2396163326339, 60.62843934632838], [-189.9032893004478, 59.95969268120825], [-190.5871779183508, 61.796438943594694]]]], "centroids": [[-189.4204091159918, 61.22128514200449, 10.5]], "h": 0.7}, "mtl": {"idx": 0}}], "featureCount": 2, "startIndex": 0}