{"type": "block", "layer": 112, "block": 0, "features": [{"geom": {"polygons": [[[[-198.20224491605768, 60.162842731922865], [-194.91599257668713, 61.46428791061044], [-193.7897756016464, 58.69045458175242], [-193.5457906020456, 58.01965825073421], [-196.77442944521317, 56.799799447879195], [-198.20224491605768, 60.162842731922865]]]], "centroids": [[-195.85293345022365, 59.12090182863176, 7.0]], "h": 3.5}, "mtl": {"idx": 0}}, {"geom": {"polygons": [[[[-190.8004659060971, 59.780376022681594], [-191.9070318416343, 62.6559180803597], [-188.8051434737281, 63.88435011729598], [-187.39139118936146, 60.432877441868186], [-190.51605169760296, 59.14581641741097], [-190.8004659060971, 59.780376022681594]]]], "centroids": [[-189.66305342220585, 61.52018640190363, 7.0]], "h": 3.5}, "mtl": {"idx": 0}}], "featureCount": 2, "startIndex": 0}