{"type": "block", "layer": 113, "block": 0, "features": [{"geom": {"polygons": [[[[-190.9672515434795, 61.95745737478137], [-188.80453087302158, 62.90493012033403], [-187.8523387881578, 60.46078346297145], [-190.0770201315754, 59.56652824394405], [-190.9672515434795, 61.95745737478137]]]], "centroids": [[-189.4188630208373, 61.221292819827795, 11.2]], "h": 0.1}, "mtl": {"idx": 0}}, {"geom": {"polygons": [[[[-197.48854850098724, 59.42503918148577], [-195.28070941154147, 60.37210008315742], [-194.25378883682424, 57.88591612316668], [-196.5147918901057, 56.9780029207468], [-197.48854850098724, 59.42503918148577]]]], "centroids": [[-195.87931371564628, 58.66397042386234, 11.2]], "h": 0.1}, "mtl": {"idx": 0}}], "featureCount": 2, "startIndex": 0}