{"type": "block", "layer": 114, "block": 0, "features": [{"geom": {"polygons": [[[[-191.07754006708274, 59.66506957821548], [-192.2937172204838, 62.825449312105775], [-188.63992163032526, 64.27245159633458], [-187.00028772238875, 60.269521456211805], [-190.67081298545236, 58.75761640816927], [-191.07754006708274, 59.66506957821548]]]], "centroids": [[-189.6625018529012, 61.52050172351301, 10.5]], "h": 0.1}, "mtl": {"idx": 0}}, {"geom": {"polygons": [[[[-198.5985259586596, 60.32857381738722], [-194.74991991190473, 61.852726340293884], [-193.50973422412062, 58.7981920260936], [-193.16257902380312, 57.84374632127583], [-196.93795981496805, 56.417315024882555], [-198.5985259586596, 60.32857381738722]]]], "centroids": [[-195.85370245290687, 59.122239362448454, 10.5]], "h": 0.1}, "mtl": {"idx": 0}}], "featureCount": 2, "startIndex": 0}