{"type": "block", "layer": 117, "block": 0, "features": [{"geom": {"polygons": [[[[-196.9379598145024, 56.417315024882555], [-198.59852595772827, 60.32857382111251], [-188.63992162939394, 64.27245159633458], [-187.00028772099176, 60.269521456211805], [-190.67081298452104, 58.757616406306624], [-190.9600252500386, 59.40288100577891], [-191.437274143158, 59.22887300886214], [-192.8993604318821, 58.69578699208796], [-193.40538052847842, 58.51128883101046], [-193.16257902380312, 57.84374632127583], [-196.9379598145024, 56.417315024882555]]]], "centroids": [[-192.79708061905694, 60.38565485365689, 3.5]], "h": 0.1}, "mtl": {"idx": 0}}], "featureCount": 1, "startIndex": 0}