{"type": "block", "layer": 119, "block": 0, "features": [{"geom": {"polygons": [[[[-196.77442944521317, 56.799799447879195], [-198.20224491605768, 60.162842731922865], [-188.8051434737281, 63.88435011729598], [-187.39139118936146, 60.432877441868186], [-190.51605169760296, 59.14581641741097], [-190.8004659060971, 59.780376022681594], [-191.54003849817673, 59.51072312518954], [-191.73911493463675, 59.98165169544518], [-193.1860392895178, 59.45176673308015], [-193.00212478690082, 58.977637108415365], [-193.7897756016464, 58.69045458175242], [-193.5457906020456, 58.01965825073421], [-196.77442944521317, 56.799799447879195]]]], "centroids": [[-192.81314059041324, 60.42602211982012, 0.0]], "h": 3.5}, "mtl": {"idx": 0}}], "featureCount": 1, "startIndex": 0}