{"type": "block", "layer": 120, "block": 0, "features": [{"geom": {"polygons": [[[[-139.755613289366, -86.96007105894387], [-127.0697031710879, -81.85823102481663], [-116.45202333299676, -107.36477161571383], [-129.4780908022658, -112.48631622828543], [-139.755613289366, -86.96007105894387]]]], "centroids": [[-128.16440476017306, -97.21522080153227, 8.0]], "h": 0.3}, "mtl": {"idx": 0}}, {"geom": {"polygons": [[[[-139.755613289366, -86.96007105894387], [-127.0697031710879, -81.85823102481663], [-116.45202333299676, -107.36477161571383], [-129.4780908022658, -112.48631622828543], [-139.755613289366, -86.96007105894387]]]], "centroids": [[-128.16440476017306, -97.21522080153227, 8.0]], "h": 0.3}, "mtl": {"idx": 0}}], "featureCount": 2, "startIndex": 0}