{"type": "block", "layer": 121, "block": 0, "features": [{"geom": {"polygons": [[[[-137.81097554560984, -87.69491715729237], [-138.12208843888948, -86.95824473910034], [-134.32916053856025, -85.57167194224894], [-133.9806385068805, -86.42214641533792], [-132.5062881904305, -85.85561351291835], [-132.8436504859128, -85.02861711196601], [-128.07169234665344, -83.28414226137102], [-127.71542856289307, -84.13192533142865], [-126.7251661872142, -83.75257123820484], [-125.78078935161466, -86.00726027972996], [-126.35407539276639, -86.24510601349175], [-125.7329015788273, -87.59850679151714], [-125.20197512727464, -87.38917271234095], [-123.77169822441647, -90.73955144546926], [-124.32946357136825, -90.93978367559612], [-123.73623717954615, -92.4549964684993], [-123.1227880512015, -92.20683383010328], [-121.94336923217634, -94.97992405295372], [-122.43092420283938, -95.17037682421505], [-121.86787800077582, -96.5489737726748], [-121.33962501684437, -96.39946828223765], [-120.02533126721391, -99.48968109302223], [-120.40275460813427, -99.61838758736849], [-120.09291861165548, -100.51637097261846], [-119.65965102758491, -100.34948108904064], [-118.51042177906493, -103.05158855207264], [-118.88138088030973, -103.21581271849573], [-118.53000512724975, -103.89899987913668], [-118.20542898360873, -103.76869813352823], [-117.10295079561183, -106.3608828894794], [-118.04908284038538, -106.69504201225936], [-117.75087816274026, -107.42984609864652], [-128.57596635638038, -111.57337576337159], [-128.91083090292523, -110.75241935066879], [-129.71494783746311, -111.07099696807563], [-130.50899434514577, -109.04495459608734], [-129.93776710430393, -108.8412536084652], [-130.41524584550643, -107.63616644404829], [-130.9892065427848, -107.81967339664698], [-132.19095444126287, -104.75336413644254], [-131.7506428855122, -104.5554030444473], [-132.13382371427724, -103.62361517362297], [-132.5735946018831, -103.77704200521111], [-133.95336449338356, -100.25650229491293], [-133.60125129815424, -100.09864874370396], [-133.92075241269777, -99.17460922710598], [-134.31888257624814, -99.32386785186827], [-135.4319370147423, -96.48386360518634], [-134.85861539799953, -96.27022807113826], [-135.47030785219977, -94.79533379897475], [-136.02766372082988, -94.96384237892926], [-137.28469450125704, -91.75647656433284], [-136.67759796843166, -91.51231119222939], [-137.19505357701564, -90.19508523866534], [-137.76117474358762, -90.39922988414764], [-138.6850156142027, -88.02638766355813], [-137.81097554560984, -87.69491715729237]]]], "centroids": [[-127.9963474519609, -97.50509523786604, 4.0]], "h": 4.0}, "mtl": {"idx": 0}, "lbl": "PREFEITURA DE TANHAÇU-BA", "lh": 50.0}], "featureCount": 1, "startIndex": 0}