{"type": "block", "layer": 124, "block": 0, "features": [{"geom": {"lines": [[[-133.9806385068805, -86.42214641533792, 1.0], [-132.5062881904305, -85.85561351291835, 1.0]]], "w": 0.1, "h": 4}, "mtl": {"idx": 0}}, {"geom": {"lines": [[[-133.9806385068805, -86.42214641533792, 1.0], [-132.5062881904305, -85.85561351291835, 1.0]]], "w": 0.1, "h": 4}, "mtl": {"idx": 0}}], "featureCount": 2, "startIndex": 0}