{"type": "block", "layer": 126, "block": 0, "features": [{"geom": {"polygons": [[[[-235.63918687874684, 161.8501476291567], [-234.75388852745527, 162.23297935165465], [-234.56517837528372, 161.75569127127528], [-234.79523804789642, 161.65861104801297], [-231.18857083615148, 152.9783934224397], [-229.00515201786766, 153.88122945837677], [-229.13015366723994, 154.16656078211963], [-228.7437357432791, 154.32476396113634], [-228.3603171161958, 153.41420051641762], [-228.72340889048064, 153.2556292321533], [-228.8691728921258, 153.55838223733008], [-231.04261643398786, 152.6294855121523], [-227.24312504340196, 143.5044221561402], [-225.0234798589372, 144.3450178708881], [-225.16676172433654, 144.66337855532765], [-224.7503776732483, 144.84111965075135], [-224.36751315236324, 143.93187212757766], [-224.76583975279937, 143.775023361668], [-224.88220239483053, 144.04956760816276], [-227.10184757976094, 143.20897188968956], [-223.24288533447543, 134.0198542084545], [-221.02758302079746, 134.91008917056024], [-221.14528192958096, 135.19990702718496], [-220.75049365131417, 135.34197715483606], [-220.41375412704656, 134.54226978681982], [-220.77461985411355, 134.39355230890214], [-220.8826775542111, 134.6611278820783], [-223.11721555056283, 133.72688607685268], [-218.7891747383983, 123.48608038946986], [-218.5242717024521, 123.62468531541526], [-218.25300137657905, 123.12399856559932], [-219.2669611494639, 122.71015432476997], [-219.4425059883506, 123.21345400251448], [-219.1095398250618, 123.36570894159377], [-223.43688913673395, 133.55463212169707], [-225.6174917528988, 132.66358536481857], [-225.49311150290305, 132.297399437055], [-225.9048374775448, 132.14791927300394], [-226.34559094911674, 133.19568677060306], [-225.94558018870885, 133.33515009470284], [-225.77967523463303, 132.93412080034614], [-223.5660432568402, 133.8434477802366], [-227.4591807318502, 142.98340395092964], [-229.57868889259407, 142.0977022666484], [-229.450012506044, 141.77036850713193], [-229.87612478301162, 141.58853865228593], [-230.3000003239722, 142.59618361108005], [-229.90610919432947, 142.76163019053638], [-229.7684597345651, 142.41969095356762], [-227.5345898704254, 143.3615695592016], [-231.42371854098747, 152.45570488274097], [-233.54704510519514, 151.5696691274643], [-233.40376323933015, 151.25130844302475], [-233.82006614567945, 151.0840672235936], [-234.25850194931263, 152.00640862993896], [-233.86081539519364, 152.1655339282006], [-233.73414341086755, 151.86111058853567], [-231.56203613668913, 152.80528092943132], [-235.2035467136302, 161.4439738560468], [-235.50548791751498, 161.33290955610573], [-235.73988887487212, 161.80660082027316], [-235.63918687874684, 161.8501476291567]]]], "centroids": [[-227.37457127388916, 143.30050043947995, 0.0]], "h": 0.25}, "mtl": {"idx": 0}}, {"geom": {"polygons": [[[[-139.2206615806208, -25.53528360463679], [-138.9046537047834, -25.35230726003647], [-135.18826255766908, -34.00907794572413], [-133.13426290039206, -33.11874503083527], [-132.30736983945826, -34.980250185355544], [-131.4012568728649, -34.55148480273783], [-131.25530065601924, -34.888206059113145], [-132.16343657212565, -35.29384903982282], [-131.61487179534743, -36.50402260571718], [-130.29110917454818, -35.922220688313246], [-130.1469584121951, -36.17172721028328], [-134.01123180851573, -37.808748019859195], [-132.176664370636, -42.13337571360171], [-131.60135580186034, -42.583979504182935], [-130.78457747917855, -44.329872662201524], [-108.24317789269844, -33.935028191655874], [-77.84070746001089, -19.916706677526236], [-83.42242427828023, -4.852704374119639], [-83.13946312578628, -4.758050328120589], [-77.40730921091745, -20.076834009960294], [-84.18668114632601, -23.236767744645476], [-119.81767712446162, -39.58812643773854], [-130.96252702135826, -44.64833323471248], [-131.87641732400516, -42.7245411965996], [-132.37392974604154, -42.364211892709136], [-134.4259885410429, -37.72853761911392], [-131.86555836867774, -36.6346853133291], [-132.34803319216007, -35.55852592550218], [-133.6332584815682, -36.136956261470914], [-133.77353017876158, -35.77643829025328], [-132.51508886000374, -35.24695001728833], [-133.27136391826207, -33.52682936005294], [-135.4036418768228, -34.365762278437614], [-139.2206615806208, -25.53528360463679]]]], "centroids": [[-108.02579482310102, -29.40087846107781, 0.0]], "h": 0.25}, "mtl": {"idx": 0}}], "featureCount": 2, "startIndex": 0}