{"type": "block", "layer": 127, "block": 0, "features": [{"geom": {"polygons": [[[[-110.64094032911817, -160.09983123280108], [-94.94244348589564, -154.3402037564665], [-94.53856716869632, -154.28752423636615], [-94.01177197281504, -154.41044311784208], [-93.69569485500688, -154.95479815267026], [-89.63059192575747, -164.56003055907786], [-82.75591461645672, -180.82044227980077], [-70.20062910957495, -210.2682937439531], [-70.11282991111511, -210.97068733721972], [-70.11282991064945, -211.4799226950854], [-70.32354798965389, -212.16475644893944], [-70.72742430545622, -212.84959020465612], [-71.30689902190352, -213.32370587997139], [-74.22183244029293, -214.5528946723789], [-85.12649299955228, -218.78481607697904], [-86.42592114961008, -219.2062522340566], [-87.81314849905903, -219.2238120753318], [-88.69114049250493, -218.9252947960049], [-89.49889312736923, -218.13510200195014], [-94.07323141262168, -206.60706712678075], [-111.53649216290796, -162.5538188572973], [-111.81744960002834, -161.7109465431422], [-111.67697088193381, -161.09635214693844], [-111.25553472485626, -160.55199711211026], [-110.64094032911817, -160.09983123280108]]]], "centroids": [[-90.95237330216332, -187.1963703967631, 0.0]], "h": 0.1}, "mtl": {"idx": 0}}, {"geom": {"polygons": [[[[-110.64094032911817, -160.09983123280108], [-94.94244348589564, -154.3402037564665], [-94.53856716869632, -154.28752423636615], [-94.01177197281504, -154.41044311784208], [-93.69569485500688, -154.95479815267026], [-89.63059192575747, -164.56003055907786], [-82.75591461645672, -180.82044227980077], [-70.20062910957495, -210.2682937439531], [-70.11282991111511, -210.97068733721972], [-70.11282991064945, -211.4799226950854], [-70.32354798965389, -212.16475644893944], [-70.72742430545622, -212.84959020465612], [-71.30689902190352, -213.32370587997139], [-74.22183244029293, -214.5528946723789], [-85.12649299955228, -218.78481607697904], [-86.42592114961008, -219.2062522340566], [-87.81314849905903, -219.2238120753318], [-88.69114049250493, -218.9252947960049], [-89.49889312736923, -218.13510200195014], [-94.07323141262168, -206.60706712678075], [-111.53649216290796, -162.5538188572973], [-111.81744960002834, -161.7109465431422], [-111.67697088193381, -161.09635214693844], [-111.25553472485626, -160.55199711211026], [-110.64094032911817, -160.09983123280108]]]], "centroids": [[-90.95237330216332, -187.1963703967631, 0.0]], "h": 0.1}, "mtl": {"idx": 0}}], "featureCount": 2, "startIndex": 0}