{"type": "block", "layer": 128, "block": 0, "features": [{"geom": {"polygons": [[[[-57.42169443011517, -218.91995060257614], [-37.94363676762441, -211.62838241644204], [-25.19140783842886, -241.55767678841949], [-18.796387818234507, -238.97511235438287], [-18.314765276911203, -238.80423484928906], [-4.823393592203502, -233.24669915623963], [1.110357727331575, -230.68691300414503], [4.228580387250986, -238.43622810207307], [-21.609091783931945, -249.20760609023273], [-11.039189048635308, -272.4936215747148], [-30.817799563112203, -280.93400383368134], [-57.42169443011517, -218.91995060257614]]]], "centroids": [[-30.89944977191044, -245.33920397609472, 0.0]], "h": 0.2}, "mtl": {"idx": 0}}], "featureCount": 1, "startIndex": 0}