{"type": "block", "layer": 129, "block": 0, "features": [{"geom": {"polygons": [[[[-103.66127808677265, -177.2689043674618], [-105.43261272046948, -172.3600228819996], [-104.68464108515764, -169.29444942623377], [-103.33700779970968, -166.99902987666428], [-101.90114608459407, -165.71206589601934], [-99.84280914958799, -164.90292430855334], [-97.6818329198868, -164.71386338584125], [-95.66492177319014, -164.53740652650595], [-93.7896811562241, -164.95401540584862], [-91.71995921252528, -165.93428055755794], [-90.81116063013906, -166.91933480650187], [-82.39619693352142, -187.3292296025902], [-76.4228854762041, -201.86963244713843], [-77.04337538924301, -202.12168278731406], [-90.43115307210246, -170.36406686715782], [-91.52826700086007, -167.6413772199303], [-91.88722154131392, -166.9953319672495], [-94.107005835569, -165.5443029254675], [-95.63184155669296, -165.3994704913348], [-97.36797490908066, -165.46668126247823], [-98.98975741962204, -165.596471529454], [-100.48353468679124, -165.94491179846227], [-101.79963604320074, -166.66492155753076], [-102.98863555729622, -167.869801312685], [-103.44860219076509, -168.69636873155832], [-104.44088365096832, -171.73492726124823], [-104.47405366838211, -172.1854299660772], [-103.23169915849576, -177.12131888605654], [-103.66127808677265, -177.2689043674618]]]], "centroids": [[-90.34739272776642, -177.8427139017731, 0.0]], "h": 0.4}, "mtl": {"idx": 0}}], "featureCount": 1, "startIndex": 0}