{"type": "block", "layer": 130, "block": 0, "features": [{"geom": {"polygons": [[[[-101.35503753187368, -185.40185536444187], [-106.4242628790089, -172.64033809676766], [-105.66627764987061, -168.7674008179456], [-103.96948209550465, -166.03818965144455], [-101.73485518206144, -164.29422865621746], [-99.10165837040404, -163.41866358928382], [-98.82888276228914, -163.42572583071887], [-96.25637663208181, -163.4923287909478], [-93.24942621175433, -163.93896393291652], [-91.04124099068576, -164.842596096918], [-89.55899750167737, -167.03560130484402], [-75.50665124884108, -201.54971724562347], [-76.4228854762041, -201.86963244713843], [-82.39619693352142, -187.3292296025902], [-90.81116063013906, -166.91933480650187], [-91.71995921252528, -165.93428055755794], [-93.7896811562241, -164.95401540584862], [-95.66492177319014, -164.53740652650595], [-97.6818329198868, -164.71386338584125], [-99.84280914958799, -164.90292430855334], [-101.90114608459407, -165.71206589601934], [-103.33700779970968, -166.99902987666428], [-104.68464108515764, -169.29444942623377], [-105.43261272046948, -172.3600228819996], [-100.80954785697395, -185.17187507264316], [-101.35503753187368, -185.40185536444187]]]], "centroids": [[-91.4689390718413, -177.27655342034996, 0.0]], "h": 0.6}, "mtl": {"idx": 0}}], "featureCount": 1, "startIndex": 0}