{"type": "block", "layer": 131, "block": 0, "features": [{"geom": {"polygons": [[[[-91.80879890412325, -212.31378475390375], [-91.78948107088218, -212.36246866174042], [-92.46382859355072, -210.66300935856998], [-94.07323141262168, -206.60706712678075], [-111.53649216290796, -162.5538188572973], [-111.81744960002834, -161.7109465431422], [-111.67697088193381, -161.09635214693844], [-111.25553472485626, -160.55199711211026], [-110.64094032911817, -160.09983123280108], [-99.11662946181605, -155.8716724384576], [-94.94244348589564, -154.3402037564665], [-94.53856716869632, -154.28752423636615], [-94.01177197281504, -154.41044311784208], [-93.69569485500688, -154.95479815267026], [-89.63059192575747, -164.56003055907786], [-82.75591461645672, -180.82044227980077], [-74.14992993843043, -201.00538816303015], [-75.50665124884108, -201.54971724562347], [-89.55899750167737, -167.03560130484402], [-91.04124099068576, -164.842596096918], [-93.24942621175433, -163.93896393291652], [-96.25637663208181, -163.4923287909478], [-99.10165837040404, -163.41866358928382], [-101.73485518206144, -164.29422865621746], [-103.96948209550465, -166.03818965144455], [-105.66627764987061, -168.7674008179456], [-106.4242628790089, -172.64033809676766], [-101.79110550839687, -184.3000460434705], [-90.8576877094456, -211.92542167939246], [-91.80879890412325, -212.31378475390375]]]], "centroids": [[-97.72657143996912, -170.7866632323712, 0.0]], "h": 0.8}, "mtl": {"idx": 0}}], "featureCount": 1, "startIndex": 0}