{"type": "block", "layer": 134, "block": 0, "features": [{"geom": {"polygons": [[[[-45.35458443692187, -224.87763435207307], [-45.37867770163575, -224.81230674870312], [-45.372356123349164, -224.80241442285478], [-45.365863538871054, -224.79263348691165], [-45.35920191142941, -224.78296688385308], [-45.352373254077975, -224.77341754734516], [-45.345379629696254, -224.76398835517466], [-45.33822315238649, -224.7546821627766], [-45.3309059846797, -224.7455017734319], [-45.323430338467006, -224.73644996993244], [-45.315798470343, -224.72752948477864], [-45.308012690453324, -224.71874301694334], [-45.300075348990504, -224.71009321697056], [-45.29198884504149, -224.70158270001411], [-45.28375562286237, -224.69321403838694], [-45.27537817048142, -224.6849897596985], [-45.26685901923338, -224.67691235616803], [-45.25820074375952, -224.66898425854743], [-45.2494059606106, -224.66120787151158], [-45.2404773273156, -224.65358553640544], [-45.231417543313, -224.64611956477165], [-45.2222293438972, -224.63881221041083], [-45.21291550906608, -224.63166567869484], [-45.203478850016836, -224.62468213401735], [-45.19392222171882, -224.61786368303], [-45.184248510340694, -224.61121238581836], [-45.17446063837269, -224.60473025403917], [-45.16456156602362, -224.59841924905777], [-45.154554283304606, -224.59228127263486], [-45.14444181561703, -224.58631818555295], [-45.13422721676761, -224.58053178712726], [-45.123913576419, -224.57492382265627], [-45.11350400891388, -224.56949599273503], [-45.10300166212255, -224.5642499346286], [-45.092409707198385, -224.55918723344803], [-45.081731347891036, -224.55430941656232], [-45.07096980937058, -224.54961796663702], [-45.06012834428111, -224.54511429183185], [-45.049210229946766, -224.54079975746572], [-45.0382187627838, -224.53667567111552], [-45.0271572676138, -224.53274327144027], [-45.01602908602217, -224.5290037523955], [-45.004837580549065, -224.52545824088156], [-44.99358613422373, -224.52210781164467], [-44.982278146839235, -224.51895347237587], [-44.970917034486774, -224.5159961786121], [-44.95950623234967, -224.513236830011], [-44.948049187252764, -224.51067624799907], [-44.93654936278472, -224.50831521861255], [-44.925010234175716, -224.50615444779396], [-44.91343528643483, -224.50419459305704], [-44.901828019937966, -224.502436241135], [-44.89019194111461, -224.5008799303323], [-44.87853056710446, -224.49952612631023], [-44.86684742156649, -224.49837523698807], [-44.85514603467891, -224.4974276125431], [-44.8434299431392, -224.496683543548], [-44.83170268783579, -224.49614324606955], [-44.81996781245107, -224.49580689147115], [-44.808228862530086, -224.49567457474768], [-44.79648938734317, -224.49574634246528], [-44.78475293383235, -224.49602216295898], [-44.773023047077004, -224.49650196358562], [-44.76130327448482, -224.49718559533358], [-44.7495971560129, -224.4980728495866], [-44.73790822929004, -224.4991634618491], [-44.7262400277541, -224.50045709870756], [-44.7145960755297, -224.5019533764571], [-44.702979893481825, -224.5036518331617], [-44.691394992230926, -224.50555196218193], [-44.679844870755915, -224.5076531842351], [-44.668333021050785, -224.50995486788452], [-44.656862922071014, -224.51245631836355], [-44.64543803833658, -224.5151567775756], [-44.63406182505423, -224.51805542968214], [-44.62273771787295, -224.5211514029652], [-44.6114691394032, -224.52444375492632], [-44.600259495025966, -224.52793149091303], [-44.58911217428977, -224.53161356411874], [-44.57803054252872, -224.53548885695636], [-41.7348241089494, -231.22253514640033], [-41.73403347382555, -231.23091437853873], [-41.733388980443124, -231.239306114614], [-41.73289082531119, -231.24770781211555], [-41.73253916023532, -231.25611690990627], [-41.73233409045497, -231.26453086175025], [-41.73227568162838, -231.2729471065104], [-41.73236394725973, -231.28136309422553], [-41.73259886360029, -231.28977626748383], [-41.7329803580069, -231.29818406514823], [-41.7335083145299, -231.30658393912017], [-41.73418257251615, -231.3149733375758], [-41.73500292847166, -231.32334971055388], [-41.73596913233632, -231.3317105192691], [-41.73708089074353, -231.3400532156229], [-41.73833786562318, -231.3483752720058], [-41.73973967653001, -231.35667416267097], [-41.74128589691827, -231.3649473618716], [-41.74297605647007, -231.37319236062467], [-41.74480964342365, -231.38140664994717], [-41.74678610038245, -231.38958774134517], [-41.748904824780766, -231.3977331481874], [-41.751165176334325, -231.4058403931558], [-41.75356646772707, -231.41390701569617], [-41.7561079688021, -231.42193056829274], [-41.758788907493, -231.42990861460567], [-41.761608470755164, -231.43783872760832], [-41.76456580177182, -231.44571850076318], [-41.767660001816694, -231.45354553870857], [-41.77089013258228, -231.46131746843457], [-41.774255210126285, -231.46903192810714], [-41.77775421558181, -231.47668657265604], [-41.78138608537847, -231.4842790775001], [-41.7851497149677, -231.4918071422726], [-41.78904396301368, -231.49926847033203], [-41.79306764627108, -231.50666080601513], [-41.79721954284469, -231.51398189552128], [-41.80149839032674, -231.5212295241654], [-41.8059028913849, -231.5284014828503], [-41.81043170631165, -231.5354955960065], [-41.815083460940514, -231.54250971227884], [-41.81985674338648, -231.54944169521332], [-41.82475010125199, -231.5562894437462], [-41.82976205000887, -231.56305087916553], [-41.834891067876015, -231.5697239432484], [-41.84013559581945, -231.57630661688745], [-41.84549404174322, -231.5827968902886], [-41.85096477816114, -231.58919280208647], [-41.856546144525055, -231.59549240209162], [-41.86223644303391, -231.6016937829554], [-41.86803394841263, -231.6077950578183], [-41.87393689813325, -231.61379437707365], [-41.879943499399815, -231.61968991346657], [-41.88605192868272, -231.62547987885773], [-41.89226033032173, -231.63116252049804], [-41.89856681978563, -231.6367361024022], [-41.904969479481224, -231.64219893701375], [-41.91146636620397, -231.64754936657846], [-41.91805550787831, -231.65278576128185], [-41.924734900763724, -231.65790653787553], [-41.93150251876796, -231.6629101317376], [-41.93835630413378, -231.66779503412545], [-41.9452941781492, -231.6725597511977], [-41.9523140299716, -231.677202841267], [-41.95941373059759, -231.68172289431095], [-41.96659112261841, -231.6861185375601], [-41.97384402673924, -231.6903884317726], [-41.981170238985214, -231.69453128799796], [-41.98856753628934, -231.69854583963752], [-41.99603366997326, -231.70243087038398], [-42.003566372266505, -231.70618520490825], [-42.01116335723782, -231.70980769582093], [-42.01882231613854, -231.71329724788666], [-42.02654092438752, -231.71665279753506], [-42.03431683598319, -231.71987332962453], [-42.04214768955717, -231.72295786254108], [-42.05003110837424, -231.72590546123683], [-42.05796469707275, -231.72871523164213], [-42.065946045389865, -231.7313863169402], [-42.07397273002425, -231.73391790874302], [-42.08204231323907, -231.73630923964083], [-42.09015234425897, -231.7385595794767], [-42.09830035927007, -231.74066824279726], [-42.10648388467962, -231.7426345963031], [-42.11470043292502, -231.74445804022253], [-42.12294751178706, -231.74613801948726], [-42.13122261414537, -231.7476740218699], [-42.13952322729165, -231.7490655835718], [-42.14784683060134, -231.75031228549778], [-42.156190895533655, -231.75141374208033], [-42.16455288749421, -231.7523696217686], [-42.17293026816333, -231.75317963398993], [-42.18132049223641, -231.75384353287518], [-42.189721012080554, -231.75436111725867], [-42.198129275871906, -231.75473222881556], [-42.20654272992397, -231.75495675764978], [-42.214958819618914, -231.75503463111818], [-42.22337498847628, -231.75496582873166], [-42.231788679549936, -231.75475037284195], [-42.24019733915338, -231.75438832305372], [-42.248598411737476, -231.75387979857624], [-42.25698934640968, -231.75322494097054], [-42.2653675955371, -231.75242396257818], [-42.27373061334947, -231.75147709809244], [-42.28207586199278, -231.75038463622332], 