{"type": "block", "layer": 135, "block": 0, "features": [{"geom": {"polygons": [[[[-53.474110418057535, -224.78071709536016], [-41.75363298744196, -220.00342794694006], [-36.53829907585168, -231.68558142893016], [-48.239614530990366, -236.68189295753837], [-53.474110418057535, -224.78071709536016]]]], "centroids": [[-45.014827003353275, -228.3000371977687, 5.0]], "h": 0.3}, "mtl": {"idx": 0}}], "featureCount": 1, "startIndex": 0}