{"type": "block", "layer": 136, "block": 0, "features": [{"geom": {"polygons": [[[[-90.33111664798344, -212.26344247721136], [-75.59000941325212, -206.71550740487874], [-73.1480407724739, -213.13062502257526], [-88.1812206991599, -218.76919925399125], [-90.33111664798344, -212.26344247721136]]]], "centroids": [[-81.805685164436, -212.72882396169007, 7.0]], "h": 0.2}, "mtl": {"idx": 0}}], "featureCount": 1, "startIndex": 0}