{"type": "block", "layer": 137, "block": 0, "features": [{"geom": {"polygons": [[[[-89.86050695000449, -212.48034554347396], [-75.7316799434484, -207.308573147282], [-73.5403582067811, -213.18164519406855], [-88.04215515457327, -218.51508627086878], [-89.86050695000449, -212.48034554347396]]]], "centroids": [[-81.79366117791506, -212.88622111082077, 0.0]], "h": 2.35}, "mtl": {"idx": 0}}], "featureCount": 1, "startIndex": 0}