{"type": "block", "layer": 139, "block": 0, "features": [{"geom": {"polygons": [[[[-289.2942063357332, 155.01882131956518], [-290.3162407153868, 157.35962130501866], [-290.46909549931297, 158.61512230150402], [-290.03902390465373, 159.5990276467055], [-288.61597184609855, 160.54076948575675], [-269.55503096670145, 167.84304678998888], [-251.21601670474047, 175.03915101476014], [-250.35482862690696, 175.02846985124052], [-249.75509683327982, 174.56478742323816], [-247.5008104169392, 168.95530015602708], [-247.70090806676308, 168.29260368086398], [-258.54851871269057, 163.47241953760386], [-285.37834124133224, 152.04943878017366], [-286.67012335691834, 152.06546052731574], [-287.56492226483533, 152.460315246135], [-289.2942063357332, 155.01882131956518]]]], "centroids": [[-269.508388743503, 163.41029112786055, 0.0]], "h": 0.2}, "mtl": {"idx": 0}}], "featureCount": 1, "startIndex": 0}