{"type": "block", "layer": 141, "block": 0, "features": [{"geom": {"polygons": [[[[-185.88108100468526, 41.423431953415275], [-185.8819508171291, 41.43133827671409], [-185.74020905891666, 42.106823386624455], [-185.70493804110447, 42.1732103060931], [-185.07193386700237, 42.41131401620805], [-184.99907857977087, 42.41912731714547], [-184.36397284042323, 42.02491728961468], [-184.34179777564714, 41.98681843094528], [-184.33229203760857, 41.970486676320434], [-184.46342966152588, 41.23389002121985], [-184.49963007686893, 41.18613872863352], [-185.19678069424117, 40.92409660667181], [-185.2552389591583, 40.92402943409979], [-185.80404079152504, 41.32124483771622], [-185.87553151376778, 41.37298886291683], [-185.88108100468526, 41.423431953415275]]]], "centroids": [[-185.1061572515464, 41.674344051629305, 3.6]], "h": 0.2}, "mtl": {"idx": 0}}, {"geom": {"polygons": [[[[-185.88108100468526, 41.423431953415275], [-185.8819508171291, 41.43133827671409], [-185.74020905891666, 42.106823386624455], [-185.70493804110447, 42.1732103060931], [-185.07193386700237, 42.41131401620805], [-184.99907857977087, 42.41912731714547], [-184.36397284042323, 42.02491728961468], [-184.34179777564714, 41.98681843094528], [-184.33229203760857, 41.970486676320434], [-184.46342966152588, 41.23389002121985], [-184.49963007686893, 41.18613872863352], [-185.19678069424117, 40.92409660667181], [-185.2552389591583, 40.92402943409979], [-185.80404079152504, 41.32124483771622], [-185.87553151376778, 41.37298886291683], [-185.88108100468526, 41.423431953415275]]]], "centroids": [[-185.1061572515464, 41.674344051629305, 3.6]], "h": 0.2}, "mtl": {"idx": 0}}], "featureCount": 2, "startIndex": 0}