{"type": "block", "layer": 142, "block": 0, "features": [{"geom": {"polygons": [[[[-186.87138517160201, 41.10592126660049], [-186.87336793733994, 41.12394396774471], [-186.55026340816403, 42.66373225487769], [-186.46986207837472, 42.81506319530308], [-185.02691034279997, 43.357827642932534], [-184.86083456041524, 43.375638293102384], [-183.41309224587167, 42.4770248811692], [-183.3625435284921, 42.39017740637064], [-183.34087491832906, 42.35294868610799], [-183.63980700919637, 40.67385482788086], [-183.7223269274109, 40.56500434689224], [-185.31150237756083, 39.967671575024724], [-185.44475972099463, 39.96751845814288], [-186.6957697296166, 40.87298271805048], [-186.85873494349653, 40.9909347537905], [-186.87138517160201, 41.10592126660049]]]], "centroids": [[-185.10492356005125, 41.67788281664252, 3.34]], "h": 0.05}, "mtl": {"idx": 0}}], "featureCount": 1, "startIndex": 0}