{"type": "block", "layer": 144, "block": 0, "features": [{"geom": {"polygons": [[[[-186.38909822289133, 42.5932997521013], [-186.3148519481183, 42.740531081333756], [-186.46986207837472, 42.81506319530308], [-185.02691034279997, 43.357827642932534], [-185.0214020559215, 43.17237416468561], [-184.8579106722609, 43.188595371320844], [-184.86083456041524, 43.375638293102384], [-183.41309224587167, 42.4770248811692], [-183.55255891993875, 42.40537862293422], [-183.48712113272632, 42.271121472120285], [-183.34087491832906, 42.35294868610799], [-183.63980700919637, 40.67385482788086], [-183.7472539647133, 40.762250231578946], [-183.83524478791514, 40.67209675721824], [-183.7223269274109, 40.56500434689224], [-185.31150237756083, 39.967671575024724], [-185.32023063633824, 40.12223068624735], [-185.4539400069625, 40.116285325959325], [-185.44475972099463, 39.96751845814288], [-186.85873494349653, 40.9909347537905], [-186.69606946228305, 41.00426727347076], [-186.70693298761034, 41.128437926992774], [-186.87336793733994, 41.12394396774471], [-186.55026340816403, 42.66373225487769], [-186.38909822289133, 42.5932997521013]]]], "centroids": [[-185.103822424775, 41.67436883226037, 0.2]], "h": 0.3}, "mtl": {"idx": 0}}], "featureCount": 1, "startIndex": 0}