{"type": "block", "layer": 146, "block": 0, "features": [{"geom": {"polygons": [[[[-212.06236780487234, 99.04355531185865], [-211.6867960994714, 101.93542908318341], [-209.28665096318582, 103.24035668186843], [-206.6023071697564, 101.52864258550107], [-206.87902597576613, 98.66569402627647], [-209.7271516211913, 97.38240332715213], [-212.06236780487234, 99.04355531185865]]]], "centroids": [[-209.33454870578134, 100.28772087022662, 3.0]], "h": 0.05}, "mtl": {"idx": 0}}, {"geom": {"polygons": [[[[-164.08195083175087, -17.830911936238408], [-163.03240156924585, -15.45795888081193], [-161.0503083319054, -14.4734799657017], [-158.47663016157458, -15.383807821199298], [-157.45870162086794, -17.748232005164027], [-158.47240678785602, -20.067357344552875], [-160.7905469793477, -20.919022912159562], [-163.15167818643386, -19.888716077432036], [-164.08195083175087, -17.830911936238408]]]], "centroids": [[-160.7572463816614, -17.714029567316175, 3.0]], "h": 0.05}, "mtl": {"idx": 0}}, {"geom": {"polygons": [[[[-115.91075405158335, -147.24206105433404], [-114.87630517786602, -144.9813532680273], [-112.7332995753386, -144.0398102067411], [-110.20520113460952, -144.97729915566742], [-109.36267816979671, -147.46001614816487], [-110.23605392040918, -149.66984872333705], [-112.88303770223865, -150.52674316987395], [-115.06115704082185, -149.59541816078126], [-115.91075405158335, -147.24206105433404]]]], "centroids": [[-112.6163083378633, -147.31343194842339, 3.0]], "h": 0.05}, "mtl": {"idx": 0}}, {"geom": {"polygons": [[[[-106.72136188583681, -143.38509282842278], [-105.73847494513029, -141.1656792666763], [-103.63425662420923, -140.41144535131752], [-101.1285138228559, -141.09340818598866], [-100.03844890190521, -143.46251021511853], [-100.84520451637218, -145.59294800646603], [-103.4166738964268, -146.6823262050748], [-105.82887381972978, -145.80826373584569], [-106.72136188583681, -143.38509282842278]]]], "centroids": [[-103.40322045862558, -143.50901276618242, 3.0]], "h": 0.05}, "mtl": {"idx": 0}}], "featureCount": 4, "startIndex": 0}