{"type": "block", "layer": 147, "block": 0, "features": [{"geom": {"polygons": [[[[-63.74481214542175, -191.85840358026326], [-50.18317308515543, -186.15235377661884], [-45.11659380985657, -197.54677599482238], [-58.991095891280565, -203.18551038391888], [-61.06828862434486, -197.99570345692337], [-59.07431114144856, -197.17510475032032], [-57.20098286407301, -202.15294737555087], [-54.91629778180504, -201.25418367795646], [-56.84021478850627, -196.29125663638115], [-47.58534427831182, -192.44695136882365], [-50.27189097373048, -186.38747899606824], [-57.332392428594176, -189.3210873287171], [-55.40841899957741, -193.89830798096955], [-56.47137724707136, -194.34511481039226], [-58.44596210686723, -189.80158043280244], [-63.472986311709974, -191.88628407754004], [-61.58146098681027, -196.37386421114206], [-59.11586015537614, -195.3761467617005], [-59.0239990070113, -195.58303184993565], [-61.65383243007818, -196.6487882155925], [-63.74481214542175, -191.85840358026326]]]], "centroids": [[-52.9979492808925, -196.69220208190382, -0.6]], "h": 4.6}, "mtl": {"idx": 0}, "lbl": "DELEGACIA DE POLÍCIA CÍVIL", "lh": 150.0}], "featureCount": 1, "startIndex": 0}