{"type": "block", "layer": 148, "block": 0, "features": [{"geom": {"polygons": [[[[-63.313188459316734, -197.06830481253564], [-62.982147402653936, -196.9284939225763], [-64.55777496664086, -193.2686575371772], [-63.566821066255216, -192.85962427593768], [-60.99172297917539, -198.67515416815877], [-62.02814053563634, -199.1757745128125], [-62.0792862973758, -199.05697415582836], [-62.3917190223583, -199.19983980245888], [-63.313188459316734, -197.06830481253564]]]], "centroids": [[-62.76271789800376, -196.23747752420604, 0.0]], "h": 0.6}, "mtl": {"idx": 0}}], "featureCount": 1, "startIndex": 0}