{"type": "block", "layer": 149, "block": 0, "features": [{"geom": {"polygons": [[[[-49.21476809127489, -190.39570081047714], [-47.75148004438961, -193.65678621642292], [-52.39264969906071, -195.56910550780594], [-53.846716044528875, -192.41342462785542], [-49.21476809127489, -190.39570081047714]]]], "centroids": [[-50.79121656907955, -193.00220535695553, 4.0]], "h": 1.0}, "mtl": {"idx": 0}}], "featureCount": 1, "startIndex": 0}