{"type": "block", "layer": 150, "block": 0, "features": [{"geom": {"polygons": [[[[-65.1524086567224, -198.25326360948384], [-64.46950757928425, -197.9678184594959], [-63.84236675646389, -199.34197571501136], [-64.59756891062716, -199.6494366992265], [-65.1524086567224, -198.25326360948384]]]], "centroids": [[-64.51041791969328, -198.81415813043714, 0.0]], "h": 0.24}, "mtl": {"idx": 0}}], "featureCount": 1, "startIndex": 0}