{"type": "block", "layer": 152, "block": 0, "features": [{"geom": {"polygons": [[[[-64.44783461006591, -193.24917435459793], [-63.49499789305264, -192.82786685042083], [-61.05914399964968, -198.70742451958358], [-61.84006853174651, -199.0243776012212], [-61.86081953073153, -198.98032910004258], [-62.763671986351255, -196.82951497472823], [-62.982147402653936, -196.9284939225763], [-64.55777496664086, -193.2686575371772], [-64.44783461006591, -193.24917435459793]]]], "centroids": [[-62.835063519189134, -195.77583956345916, -0.1]], "h": 0.2}, "mtl": {"idx": 0}}], "featureCount": 1, "startIndex": 0}