{"type": "block", "layer": 154, "block": 0, "features": [{"geom": {"polygons": [[[[-62.984641842136625, -199.47096473537385], [-62.0792862973758, -199.05697415582836], [-60.503658733854536, -202.71681054122746], [-61.47221747325966, -203.12586873956025], [-62.984641842136625, -199.47096473537385]]]], "centroids": [[-61.75228172095376, -201.10916794277728, 0.0]], "h": 0.5}, "mtl": {"idx": 0}}, {"geom": {"polygons": [[[[-65.46313051047036, -193.6826481167227], [-64.55777496664086, -193.2686575371772], [-62.982147402653936, -196.9284939225763], [-63.95070614205906, -197.3375521209091], [-65.46313051047036, -193.6826481167227]]]], "centroids": [[-64.23077038960764, -195.32085132598877, 0.0]], "h": 0.5}, "mtl": {"idx": 0}}, {"geom": {"polygons": [[[[-130.34875493502477, -36.61457207798958], [-128.20660991367185, -41.62487811781466], [-125.62849069671938, -40.574092607945204], [-126.85029177513206, -37.65570984221995], [-96.77271439001197, -24.291961632668972], [-95.32004742935533, -27.369135534390807], [-128.4079591651098, -42.410200010985136], [-129.7559632519842, -42.001418525353074], [-131.36225259682396, -38.051510190591216], [-131.2842068556347, -37.442231776192784], [-130.81502091657603, -36.87796806357801], [-130.34875493502477, -36.61457207798958]]]], "centroids": [[-112.72652864118572, -33.26269849948585, 0.0]], "h": 0.5}, "mtl": {"idx": 0}}], "featureCount": 3, "startIndex": 0}