{"type": "block", "layer": 159, "block": 0, "features": [{"geom": {"polygons": [[[[-64.18376686569536, -191.69951058365405], [-49.79429162811721, -185.49774658493698], [-44.64226163789863, -197.6499709431082], [-59.052925278490875, -203.9053462613374], [-64.18376686569536, -191.69951058365405]]]], "centroids": [[-54.42091199962306, -194.69235695898533, 4.0]], "h": 0.2}, "mtl": {"idx": 0}}], "featureCount": 1, "startIndex": 0}