{"type": "block", "layer": 190, "block": 0, "features": [{"geom": {"polygons": [[[[2.1987677015713416, 154.8133817333728], [40.40331831149524, 172.30039609223604], [42.5083155859611, 168.09054269827902], [47.87633730651578, 170.5898010265082], [57.03812266228488, 151.01148502528667], [51.31631553306943, 148.2511117029935], [53.04027693433454, 144.09161755256355], [15.208587058761623, 126.64768621511757], [2.1987677015713416, 154.8133817333728]]]], "centroids": [[29.792624197667465, 150.42476709373295, 0.0]], "h": 12.0}, "mtl": {"idx": 0}, "lbl": "GINASIO - ESPORTE", "lh": 120.0}], "featureCount": 1, "startIndex": 0}