{"type": "block", "layer": 191, "block": 0, "features": [{"geom": {"polygons": [[[[75.12240566773107, 167.1073132622987], [73.46115008549532, 166.58240107633173], [72.72607465594774, 166.85287254303694], [53.27747921081027, 159.04780796729028], [51.7561171692214, 162.29888902418315], [56.27246816031402, 164.3070177976042], [56.18733751907712, 164.80174317769706], [58.672391740081366, 165.81426503323019], [59.018383230490144, 165.44698146544397], [63.600316082069185, 167.3648306299001], [65.17135131865507, 167.91290965490043], [73.2126649072743, 170.58850997127593], [74.36295351193985, 170.92739484459162], [75.12240566773107, 167.1073132622987]]]], "centroids": [[63.412713763769716, 165.11028257384896, 0.0]], "h": 0.3}, "mtl": {"idx": 0}}, {"geom": {"polygons": [[[[-16.184007658681367, 131.78218484856188], [-27.109330589941237, 155.5787691771984], [-16.184007658681367, 131.78218484856188], [-14.767957139352802, 132.30309207178652], [-13.634187155927066, 132.73706632480025], [-5.5582445278414525, 136.30234613269567], [-4.279149312118534, 137.01842987164855], [4.313162581005599, 140.92966706864536], [5.253236565680709, 138.64489771053195], [6.0237940842635, 137.22148584388196], [-2.5550831878208555, 133.5154319461435], [-3.5837686141603626, 133.07603877596557], [-3.833335516101215, 132.96929232217371], [-11.84302087832475, 129.54333525709808], [-13.130388889519963, 128.8919149991125], [-14.507534005737398, 128.1306363400072], [-16.184007658681367, 131.78218484856188]]]], "centroids": [[-4.9333531331212725, 134.5820805206895, 0.0]], "h": 0.3}, "mtl": {"idx": 0}}, {"geom": {"polygons": [[[[35.225308434979524, 130.55931399203837], [36.94809559028363, 131.61499655433], [39.623460636415984, 125.72882298193872], [41.17083878669655, 122.98978164233267], [38.9721652212902, 121.99317275546491], [37.73105227568885, 124.8780013397336], [35.225308434979524, 130.55931399203837]]]], "centroids": [[38.099500098469434, 126.65844361111522, 0.0]], "h": 0.3}, "mtl": {"idx": 0}}, {"geom": {"polygons": [[[[16.122372058162, 172.645107479766], [14.297107203339692, 176.2861964199692], [16.435666460485663, 177.2033929694444], [17.53703245514771, 174.17339026741683], [18.832987409026828, 170.9598732162267], [19.291242347972002, 170.8639600444585], [20.454178319254424, 168.2142122928053], [18.160650398989674, 167.40414634905756], [16.122372058162, 172.645107479766]]]], "centroids": [[17.364728033542633, 172.18773418478668, 0.0]], "h": 0.3}, "mtl": {"idx": 0}}], "featureCount": 4, "startIndex": 0}