{"type": "block", "layer": 192, "block": 0, "features": [{"geom": {"polygons": [[[[-13.634187155927066, 132.73706632480025], [-13.740591041801963, 134.19242945499718], [-14.020908437727485, 135.00486043654382], [-14.667791662795935, 135.8218378778547], [-15.173734913638327, 136.46283095888793], [-15.580912875535432, 137.29031794145703], [-15.722692953480873, 137.77485616877675], [-15.785759659076575, 138.37613134272397], [-15.842849144304637, 139.62657002732158], [-16.044521414733026, 140.25756656564772], [-16.556368934048805, 140.9660457316786], [-17.20111306855688, 141.57920239306986], [-17.923012732120696, 142.11760617606342], [-18.123327186855022, 142.31455080397427], [-18.246356685704086, 142.55487379059196], [-18.426194460655097, 143.0857766326517], [-18.583025829459075, 143.86193249560893], [-16.601208648236934, 143.81038720346987], [-15.352459585352335, 143.6476280260831], [-14.277878180670086, 143.32316392846406], [-12.343504579330329, 142.4985149372369], [-10.2707889774465, 141.28841540403664], [-9.549602343759034, 140.81795187853277], [-8.22896665200824, 139.59436360374093], [-7.042394778283779, 138.3485843166709], [-5.5582445278414525, 136.30234613269567], [-13.634187155927066, 132.73706632480025]]]], "centroids": [[-12.213390914548654, 138.5663566738367, 0.0]], "h": 0.5}, "mtl": {"idx": 0}}, {"geom": {"polygons": [[[[-11.84302087832475, 129.54333525709808], [-3.5837678751558997, 133.07603909261525], [-3.833365362661425, 132.96942590549588], [-3.523853730468545, 131.58414211682975], [-3.2008627718896605, 128.60982202738523], [-3.4019185049110092, 126.36383769847453], [-3.8050371446297504, 124.6337343417108], [-4.409056196978781, 122.9279022552073], [-5.6839214754872955, 120.39965675584972], [-7.032365361286793, 118.5031526144594], [-7.5957772508845665, 119.46299677155912], [-7.839454495871905, 120.07506678812206], [-7.89965966535965, 121.24153733067214], [-7.960519036801998, 121.93716312386096], [-8.207354599668179, 122.60605616122484], [-8.56904216815019, 123.63106901757419], [-9.157718114147428, 124.50021768175066], [-10.151632961409632, 125.51699657738209], [-10.402624339389149, 125.9344393555075], [-10.504491188621614, 126.91941190883517], [-10.676832732802723, 127.5738984439522], [-10.913676459400449, 128.12858426384628], [-11.84302087832475, 129.54333525709808]]]], "centroids": [[-6.740804189495975, 126.74858914501965, 0.0]], "h": 0.5}, "mtl": {"idx": 0}}, {"geom": {"polygons": [[[[65.17135131865507, 167.91290965490043], [64.43268015881767, 171.57273663021624], [64.52302557829535, 173.17085643298924], [64.94288513384527, 174.8291908185929], [65.46124641777715, 176.3182899300009], [66.32716174138477, 177.90056774578989], [67.36542802484473, 179.66531543247402], [68.57136703509605, 181.06810257211328], [69.44493037037319, 181.84547976218164], [70.41596000961727, 182.7046177573502], [71.81627387268236, 175.06959727033973], [72.44129318924388, 174.62210602872074], [73.2126649072743, 170.58850997127593], [65.17135131865507, 167.91290965490043]]]], "centroids": [[68.6055336544232, 174.26490207761526, 0.0]], "h": 0.5}, "mtl": {"idx": 0}}], "featureCount": 3, "startIndex": 0}