{"type": "block", "layer": 194, "block": 0, "features": [{"geom": {"polygons": [[[[-21.99180021934444, 148.146035278216], [-20.5719627077342, 148.41933765262365], [-18.710129938146565, 148.1846730131656], [-16.68555682391161, 147.5248446315527], [-13.476092042925302, 146.23634470254183], [-10.66739266278455, 144.74539122916758], [-7.0911902753286995, 141.41751162707806], [-4.279149312118534, 137.01842987164855], [-5.5582445278414525, 136.30234613269567], [-7.042394778283779, 138.3485843166709], [-8.22896665200824, 139.59436360374093], [-9.549602343759034, 140.81795187853277], [-10.2707889774465, 141.28841540403664], [-12.343504579330329, 142.4985149372369], [-14.277878180670086, 143.32316392846406], [-15.352459585352335, 143.6476280260831], [-16.601208648236934, 143.81038720346987], [-18.583025829459075, 143.86193249560893], [-19.96191469259793, 143.8380683362484], [-21.99180021934444, 148.146035278216]]]], "centroids": [[-13.689060684817377, 143.86275790072978, 0.0]], "h": 0.2}, "mtl": {"idx": 0}}, {"geom": {"polygons": [[[[-3.833365362661425, 132.96942590549588], [-2.5550831878208555, 133.5154319461435], [-1.3313066773698665, 128.49614560045302], [-1.3031666959286667, 126.5003760792315], [-1.8620412867167033, 123.08273468352854], [-2.6571242344216444, 119.01671104691923], [-4.1069478612043895, 115.25957308895886], [-5.041516474972013, 113.7445225045085], [-5.900155590439681, 112.91614129953086], [-7.981203991512302, 117.50995079986751], [-7.032365361286793, 118.5031526144594], [-5.6839214754872955, 120.39965675584972], [-4.409056196978781, 122.9279022552073], [-3.8050371446297504, 124.6337343417108], [-3.4019185049110092, 126.36383769847453], [-3.2008627718896605, 128.60982202738523], [-3.523853730468545, 131.58414211682975], [-3.833365362661425, 132.96942590549588]]]], "centroids": [[-3.9756837049499154, 121.89154235832393, 0.0]], "h": 0.2}, "mtl": {"idx": 0}}, {"geom": {"polygons": [[[[69.76862144697225, 186.30704822205007], [70.41596000961727, 182.7046177573502], [69.44493037037319, 181.84547976218164], [68.57136703509605, 181.06810257211328], [67.36542802484473, 179.66531543247402], [66.32716174138477, 177.90056774578989], [65.46124641777715, 176.3182899300009], [64.94288513384527, 174.8291908185929], [64.52302557829535, 173.17085643298924], [64.43268015881767, 171.57273663021624], [65.17135131865507, 167.91290965490043], [63.600316082069185, 167.3648306299001], [63.029181158111896, 170.06635426729918], [62.87138261127984, 171.39167760498822], [63.100352426001336, 174.63398884609342], [63.43221980560338, 176.22185324504972], [64.54681563790655, 179.62534228898585], [65.65114665444707, 181.95035295933485], [67.09095961268758, 184.14778533019125], [68.83705086115515, 185.95353579334915], [69.76862144697225, 186.30704822205007]]]], "centroids": [[66.01061383777414, 178.08570277504623, 0.0]], "h": 0.2}, "mtl": {"idx": 0}}], "featureCount": 3, "startIndex": 0}