{"type": "block", "layer": 195, "block": 0, "features": [{"geom": {"polygons": [[[[-5.900155590439681, 112.91614129953086], [-5.041516474972013, 113.7445225045085], [-4.1069478612043895, 115.25957308895886], [-2.6571242344216444, 119.01671104691923], [-1.8620412867167033, 123.08273468352854], [-1.3031666959286667, 126.5003760792315], [-1.3313066773698665, 128.49614560045302], [-2.5550831878208555, 133.5154319461435], [6.0237940842635, 137.22148584388196], [7.461987996415701, 133.9367175232619], [8.246387242281344, 134.29827801696956], [10.599373159871902, 128.09096548706293], [10.53213651565602, 127.18535579368472], [10.535115709004458, 126.67298114858568], [10.795967142505106, 125.96346655860543], [11.381136767973658, 124.895234182477], [11.597606182971504, 124.45384722948074], [12.13333433488151, 123.83115290477872], [12.913958987628575, 123.2194223087281], [13.465587951650377, 122.83351288363338], [14.081719098554458, 122.54740416817367], [14.665535617561545, 122.33170190267265], [15.75238443951821, 122.28555259853601], [16.892898794671055, 122.34348689764738], [17.58125779539114, 122.48740606568754], [35.225308434979524, 130.55931399203837], [37.73105227568885, 124.8780013397336], [17.50720615911996, 115.68066330626607], [9.778202201181557, 112.30528133921325], [9.636090315820184, 112.13591898791492], [8.843106460699346, 110.07877239026129], [-0.14426188316429034, 105.8400377817452], [-0.62808707827935, 105.63031744584441], [-1.0724579296656884, 105.5077444780618], [-1.587298767233733, 105.47316368483007], [-1.9800796378985979, 105.5381882879883], [-2.274485856818501, 105.67459122277796], [-2.5685014376067556, 105.92610972560942], [-2.9028114681714214, 106.399034736678], [-5.900155590439681, 112.91614129953086]]]], "centroids": [[10.072801723057637, 121.0461991392076, 0.0]], "h": 0.5}, "mtl": {"idx": 0}}, {"geom": {"polygons": [[[[36.94809559028363, 131.61499655433], [54.92438541253796, 139.71597164683044], [55.80754994828021, 140.2640260439366], [56.364706666150596, 140.95094957202673], [56.89058888697764, 141.87576166167855], [57.14613613387337, 142.66184111498296], [57.297599779383745, 143.50158610008657], [57.25011149275815, 144.52270199730992], [56.95960694079986, 145.39178241975605], [56.4307643584325, 146.65325777977705], [54.88918796920916, 149.9747737441212], [57.03812266228488, 151.01148502528667], [59.889985068643, 144.72227518074214], [76.39454265072709, 151.2298181205988], [76.53159508103272, 151.57659088633955], [78.33441338123521, 142.9881312418729], [78.35841637937119, 142.4148242752999], [78.12435182085028, 141.98109946027398], [77.62235494045308, 141.56055041588843], [75.0136829111143, 140.40643907524645], [74.72154756536474, 140.5168858077377], [74.46172684658086, 140.55692610889673], [74.06050727277761, 140.3596637994051], [73.76718666957458, 140.29054969735444], [73.11927194934106, 140.35578096471727], [72.61624435422709, 140.60470620542765], [72.10192593600368, 140.8631055727601], [39.623460636415984, 125.72882298193872], [36.94809559028363, 131.61499655433]]]], "centroids": [[59.267039424797986, 139.3008604068309, 0.0]], "h": 0.5}, "mtl": {"idx": 0}}, {"geom": {"polygons": [[[[-21.99180021934444, 148.146035278216], [-25.692408730334137, 156.24413949809968], [-25.677348021476064, 156.7894782666117], [-25.63464621087769, 157.13845836557448], [-25.36352996068308, 157.50742214359343], [-24.617027218977455, 157.8238193448633], [-14.255407061020378, 162.3187906909734], [-12.562037708295975, 161.37889905832708], [10.437826062028762, 171.13296550698578], [10.925802363955881, 171.17565790191293], [11.103730491769966, 171.05521931312978], [11.271793855761643, 170.8083743341267], [11.486710136232432, 170.74348151497543], [16.122372058162, 172.645107479766], [18.160650398989674, 167.40414634905756], [1.1554490439011715, 159.62352425046265], [0.024758266692515463, 158.91519334726036], [-0.3656905494281091, 158.62471585348248], [-0.7992612273083068, 158.13953519426286], [-1.0835508900345303, 157.7118781991303], [-1.3459083978668787, 157.21290640719235], [-1.643732694501523, 156.34204811044037], [-1.7408813136280514, 155.658753272146], [-1.7684635865152813, 155.3163269329816], [0.727679054660257, 149.86433705873787], [1.7072650552145205, 149.90819194726646], [3.441872492840048, 146.10533532314003], [2.7594812958850525, 145.77362326532602], [3.1319419755018316, 144.86463432759047], [2.7973589668399654, 144.1448737513274], [4.313162581005599, 140.92966706864536], [-4.279149312118534, 137.01842987164855], [-7.0911902753286995, 141.41751162707806], [-10.66739266278455, 144.74539122916758], [-13.476092042925302, 146.23634470254183], [-16.68555682391161, 147.5248446315527], [-18.710129938146565, 148.1846730131656], [-20.5719627077342, 148.41933765262365], [-21.99180021934444, 148.146035278216]]]], "centroids": [[-5.552578272181563, 155.21484488248825, 0.0]], "h": 0.5}, "mtl": {"idx": 0}}, {"geom": {"polygons": [[[[56.18733751907712, 164.80174317769706], [56.27246816031402, 164.3070177976042], [51.756117168755736, 162.29888902418315], [47.87633730651578, 170.5898010265082], [45.90592680586269, 169.67241188324988], [43.67476143821841, 174.60838103853166], [42.86623682820937, 175.47921933047473], [42.04343278420856, 176.0349499862641], [40.75069234141847, 176.5809523742646], [39.51686749741202, 176.69270752556622], [38.371679617033806, 176.5088210068643], [36.80378947494319, 175.77531754411757], [20.454178319254424, 168.2142122928053], [19.291242347972002, 170.8639600444585], [18.832987409026828, 170.9598732162267], [17.53703245514771, 174.17339026741683], [61.29258295329055, 193.02485754527152], [62.156427430862095, 195.1091275345534], [66.66970699414378, 197.0942039284855], [67.46240845316788, 197.1217085402459], [69.76862144697225, 186.30704822205007], [68.83705086115515, 185.95353579334915], [67.09095961268758, 184.14778533019125], [65.65114665444707, 181.95035295933485], [64.54681563790655, 179.62534228898585], [63.43221980560338, 176.22185324504972], [63.100352426001336, 174.63398884609342], [62.87138261127984, 171.39167760498822], [63.029181158111896, 170.06635426729918], [63.600316082069185, 167.3648306299001], [59.018383230490144, 165.44698146544397], [58.672391740081366, 165.81426503323019], [56.18733751907712, 164.80174317769706]]]], "centroids": [[50.02038271536003, 178.9528466872871, 0.0]], "h": 0.5}, "mtl": {"idx": 0}}, {"geom": {"polygons": [[[[-19.96191469259793, 143.8380683362484], [-18.583025829459075, 143.86193249560893], [-18.426194460655097, 143.0857766326517], [-18.246356685704086, 142.55487379059196], [-18.123327186855022, 142.31455080397427], [-17.923012732120696, 142.11760617606342], [-17.20111306855688, 141.57920239306986], [-16.556368934048805, 140.9660457316786], [-16.044521414733026, 140.25756656564772], [-15.842849144304637, 139.62657002732158], [-15.785759659076575, 138.37613134272397], [-15.722692953480873, 137.77485616877675], [-15.580912875535432, 137.29031794145703], [-15.173734913638327, 136.46283095888793], [-14.667791662795935, 135.8218378778547], [-14.020908437727485, 135.00486043654382], [-13.740591041801963, 134.19242945499718], [-13.634187155927066, 132.73706632480025], [-14.767957139352802, 132.30309207178652], [-19.96191469259793, 143.8380683362484]]]], "centroids": [[-16.513534714467824, 138.11825715191662, 0.0]], "h": 0.5},