{"type": "block", "layer": 16, "block": 0, "features": [{"geom": {"lines": [[[-128.4079591651098, -42.410200010985136, 1.0], [-95.32004742935533, -27.369135534390807, 1.0]]], "w": 0.05, "h": 0.05}, "mtl": {"idx": 0}}], "featureCount": 1, "startIndex": 0}