{"type": "block", "layer": 196, "block": 0, "features": [{"geom": {"polygons": [[[[53.27747921081027, 159.04780796729028], [72.72607465594774, 166.85287254303694], [73.46115008549532, 166.58240107633173], [76.53159508103272, 151.57659088633955], [76.39454265072709, 151.2298181205988], [59.889985068643, 144.72227518074214], [57.03812266228488, 151.01148502528667], [53.27747921081027, 159.04780796729028]]]], "centroids": [[65.71779762473307, 155.78205389901996, 0.0]], "h": 0.3}, "mtl": {"idx": 0}}], "featureCount": 1, "startIndex": 0}