{"type": "block", "layer": 197, "block": 0, "features": [{"geom": {"polygons": [[[[2.1987677015713416, 154.8133817333728], [40.40331831149524, 172.30039609223604], [42.5083155859611, 168.09054269827902], [51.31631553306943, 148.2511117029935], [53.04027693433454, 144.09161755256355], [15.208587058761623, 126.64768621511757], [2.1987677015713416, 154.8133817333728]]]], "centroids": [[27.753500144201098, 149.51015903241932, 12.0]], "h": 0.3}, "mtl": {"idx": 0}}], "featureCount": 1, "startIndex": 0}