{"type": "block", "layer": 198, "block": 0, "features": [{"geom": {"polygons": [[[[-27.109330589941237, 155.5787691771984], [-27.31307370500872, 156.71175788529217], [-27.215207347704563, 157.74559066444635], [-26.680241638387088, 158.5665780119598], [-15.398859428300057, 163.55003395862877], [-15.00501190876821, 163.7189493533224], [-12.685834364558104, 162.64442534558475], [-11.769936106225941, 165.106425691396], [-9.088810531480704, 164.34010085649788], [-8.637820268573705, 166.44974401779473], [-6.571309900900815, 165.46008086763322], [-5.857433533354197, 167.64221091382205], [-3.294589643890504, 166.75110344029963], [-2.489225463999901, 169.086785716936], [-0.3646421535522677, 168.17917844466865], [-0.04812476463848725, 170.13373783417046], [1.7051130867912434, 169.15536636300385], [1.969394534768071, 170.99902212806046], [3.5744856269448064, 170.03032751195133], [3.7869815951562487, 171.77855843119323], [5.5611810716218315, 170.99924863874912], [5.9735593073419295, 172.7163493912667], [8.347844764066394, 171.91261458583176], [8.838942933769431, 173.9452702011913], [11.073776160774287, 173.2809927109629], [11.94664032239234, 175.2781158145517], [14.297107203339692, 176.2861964199692], [16.122372058162, 172.645107479766], [11.486710136232432, 170.74348151497543], [11.271793855761643, 170.8083743341267], [11.103730491769966, 171.05521931312978], [10.925802363955881, 171.17565790191293], [10.437826062028762, 171.13296550698578], [-12.562037708295975, 161.37889905832708], [-14.255407061020378, 162.3187906909734], [-24.617027218977455, 157.8238193448633], [-25.36352996068308, 157.50742214359343], [-25.63464621087769, 157.13845836557448], [-25.63728226121748, 157.1169152725488], [-25.677348021476064, 156.7894782666117], [-25.692408730334137, 156.24413949809968], [-21.99180021934444, 148.146035278216], [-21.95840104907984, 148.0751531906426], [-19.96191469259793, 143.8380683362484], [-14.767957139352802, 132.30309207178652], [-14.767957139352802, 132.30309207178652], [-16.184007658681367, 131.78218484856188], [-27.109330589941237, 155.5787691771984]]]], "centroids": [[-8.2334779050434, 160.36852923966944, 0.0]], "h": 0.2}, "mtl": {"idx": 0}}, {"geom": {"polygons": [[[[17.53703245514771, 174.17339026741683], [16.435666460485663, 177.2033929694444], [18.628933388681617, 178.14405283518136], [21.07265449449187, 177.37806019186974], [21.790987685264554, 179.50021132268012], [23.843749183637556, 178.70854181423783], [24.650383619067725, 180.72656410373747], [27.00677993329009, 179.86407450214028], [27.909176346787717, 182.12421227805316], [29.785141412576195, 181.1114963311702], [30.398997025506105, 183.19205967523158], [32.63163846958196, 182.41718897409737], [33.59791283722734, 184.56402752548456], [36.116008216456976, 183.72637852095068], [36.62084717809921, 185.86051951535046], [38.8582898908644, 184.9078721050173], [39.371061614656355, 187.0400459561497], [41.64210146426922, 186.09299908950925], [42.569509743654635, 188.4118132237345], [45.00811288499972, 187.5592247415334], [45.6776748150005, 189.74485941790044], [48.026570265123155, 188.93227168545127], [48.58543996507069, 190.99195704050362], [51.01258123473963, 190.19786049053073], [51.626103538495954, 192.29605283774436], [54.01572375878459, 191.5067958906293], [54.63729633757612, 193.58750905282795], [57.14708937279647, 192.78510157950222], [57.744759883207735, 194.92025437392294], [60.32361827924615, 194.0255107600242], [60.98582337744301, 196.3102987445891], [66.20757392694941, 198.54983060248196], [66.61067373579135, 198.6060211546719], [67.44633115216857, 198.50127864442766], [68.13857769680908, 198.1224406901747], [68.71259298868245, 197.66002522967756], [69.13008988968795, 196.95375339873135], [71.19530804961687, 186.8608068432659], [74.36295351193985, 170.92739484459162], [73.2126649072743, 170.58850997127593], [72.44129318924388, 174.62210602872074], [71.81627387268236, 175.06959727033973], [70.41596000961727, 182.7046177573502], [69.76862144697225, 186.30704822205007], [67.46240845316788, 197.1217085402459], [66.66970699414378, 197.0942039284855], [62.156427430862095, 195.1091275345534], [61.29258295329055, 193.02485754527152], [17.53703245514771, 174.17339026741683]]]], "centroids": [[48.385954390396364, 185.41996468044817, 0.0]], "h": 0.2}, "mtl": {"idx": 0}}, {"geom": {"polygons": [[[[73.46115008549532, 166.58240107633173], [75.12240566773107, 167.1073132622987], [79.49120624636998, 145.1320321317762], [79.77787266758969, 143.4099674206227], [79.71802988735726, 142.1806843224913], [79.50706350750988, 141.65933286212385], [79.28792434552452, 141.11778438277543], [78.45952430408215, 140.30251068994403], [76.93186507321661, 139.4679075293243], [74.63147386017954, 138.4079229608178], [71.44158218841767, 139.17326942645013], [70.46208940719953, 136.48673531599343], [68.26089275901904, 137.26293177902699], [67.41109639400383, 135.08088508620858], [65.06359890283784, 136.02070589922369], [64.3674393291003, 133.6784151494503], [62.14091820264002, 134.50957109965384], [61.24244543345412, 132.2384664658457], [59.16580741753569, 133.11939260177314], [58.22163804428419, 130.8465253058821], [56.71241833170643, 131.98409773223102], [55.394531771948095, 129.54383861087263], [53.49176155537134, 130.53058896400034], [52.10686421528226, 128.02893242798746], [50.1392482923693, 129.1492398045957], [49.509096536261495, 126.83192140050232], [47.53427319548791, 127.83329176343977], [46.51113882375648, 125.45050901733339], [44.92566470283782, 126.55887361988425], [43.46014581009513, 124.04465878941119], [41.17083878669655, 122.98978164233267], [39.623460636415984, 125.72882298193872], [72.10192593600368, 140.8631055727601], [72.61624435422709, 140.60470620542765], [73.11927194934106, 140.35578096471727], [73.76718666957458, 140.29054969735444], [74.06050727277761, 140.3596637994051], [74.46172684658086, 140.55692610889673], [74.72154756536474, 140.5168858077377], [75.0136829111143, 140.40643907524645], [77.62235494045308, 141.56055041588843], [78.12435182085028, 141.98109946027398], [78.35841637937119, 142.4148242752999], [78.33441338123521, 142.9881312418729], [78.32172274537152, 143.04858825728297], [76.53159508103272, 151.57659088633955], [73.46115008549532, 166.58240107633173]]]], "centroids": [[63.90498268455849, 139.4996378403157, 0.0]], "h": 0.2},