{"type": "block", "layer": 199, "block": 0, "features": [{"geom": {"polygons": [[[[52.34377930540359, 155.93899038992822], [52.73292678123107, 155.9154956843704], [52.93927728565177, 155.82892956770957], [53.10052803292638, 155.65995314717293], [53.17287825368112, 155.4308892134577], [53.17865073954454, 155.18553853966296], [53.13341920165112, 154.9252636488527], [53.017522357346024, 154.69542314857244], [52.836346764990594, 154.5540289990604], [52.53369716129964, 154.4857028145343], [52.31339432479581, 154.49258367531002], [52.02917526284, 154.57233717106283], [51.79518365621334, 154.85526196099818], [51.73814829107141, 155.14843743480742], [51.76235602557426, 155.46964465267956], [51.91932859172812, 155.70830978639424], [52.080193410103675, 155.84269599802792], [52.34377930540359, 155.93899038992822]]]], "centroids": [[52.46650580270216, 155.2127772346139, 12.0]], "h": 1.2}, "mtl": {"idx": 0}}, {"geom": {"polygons": [[[[52.83209445740795, 151.49353813380003], [52.80478045617929, 151.9253191743046], [52.91678504872834, 152.2594385948032], [53.14215204905486, 152.4936255197972], [53.45784563518828, 152.65201943926513], [53.86230796802556, 152.69263627938926], [54.186953260505106, 152.56934086419642], [54.443980688170996, 152.26227658987045], [54.53145044617122, 152.03976641781628], [54.57317095476901, 151.68247939646244], [54.51398708386114, 151.34251924604177], [54.29945673275506, 151.10404943488538], [53.97136865503853, 150.90795432962477], [53.626476123870816, 150.90393500588834], [53.21877103386214, 151.01996363140643], [52.96654420666164, 151.21236650831997], [52.83209445740795, 151.49353813380003]]]], "centroids": [[53.69260678417049, 151.78485960140824, 12.0]], "h": 1.2}, "mtl": {"idx": 0}}, {"geom": {"polygons": [[[[47.760825199016836, 167.06709695793688], [47.979179556888994, 166.90311645530164], [48.10727086424595, 166.69462215155363], [48.144644947198685, 166.44680528901517], [48.12900299014291, 166.14727137051523], [48.016934860439505, 165.9334587585181], [47.81252812821185, 165.7586463112384], [47.572627546673175, 165.69057898037136], [47.233380427991506, 165.68182259239256], [46.94981085736072, 165.81394264288247], [46.71581925166538, 166.09686742536724], [46.64885558694368, 166.3839433155954], [46.737174865731504, 166.6898356769234], [46.87701587838819, 166.88515421375632], [47.28952627623221, 167.07294239662588], [47.760825199016836, 167.06709695793688]]]], "centroids": [[47.42096066073282, 166.3821194767952, 12.0]], "h": 1.2}, "mtl": {"idx": 0}}, {"geom": {"polygons": [[[[43.354377822892275, 167.08959860913455], [43.68746181944152, 167.2285901028663], [44.040920128056314, 167.25428272411227], [44.53395588503918, 167.11956470273435], [44.769764189084526, 166.81587496958673], [44.90499050490325, 166.34645627997816], [44.80907733592903, 165.88820134103298], [44.359642321185675, 165.52456058748066], [43.820661995967384, 165.46694397367537], [43.42158622009447, 165.48433909006417], [43.17721213953337, 165.76635552570224], [43.019013538898434, 166.13960689865053], [43.08105423761299, 166.6262842155993], [43.354377822892275, 167.08959860913455]]]], "centroids": [[43.95079135376727, 166.34448486752808, 12.0]], "h": 1.2}, "mtl": {"idx": 0}}], "featureCount": 4, "startIndex": 0}