{"type": "block", "layer": 18, "block": 0, "features": [{"geom": {"lines": [[[-128.5163726071478, -33.25700209103525, 0.0], [-128.34755110606784, -33.66438731737435, 0.0]]], "w": 0.2, "h": 4}, "mtl": {"idx": 0}}], "featureCount": 1, "startIndex": 0}