{"type": "block", "layer": 19, "block": 0, "features": [{"geom": {"lines": [[[-127.68682382680709, -35.25879638083279, 1.7], [-127.0107389675104, -36.89026501402259, 1.7]]], "w": 0.2, "h": 2}, "mtl": {"idx": 0}}], "featureCount": 1, "startIndex": 0}