{"type": "block", "layer": 20, "block": 0, "features": [{"geom": {"lines": [[[-129.0317404824891, -32.01336158066988, 2.1], [-127.77190795826027, -35.05347882770002, 2.1]]], "w": 0.2, "h": 0.2}, "mtl": {"idx": 0}}], "featureCount": 1, "startIndex": 0}