{"type": "block", "layer": 21, "block": 0, "features": [{"geom": {"lines": [[[-132.35776380362222, -23.987294087186456, 0.0], [-126.90869499050314, -37.13650857843459, 0.0]]], "w": 0.04, "h": 9}, "mtl": {"idx": 0}}], "featureCount": 1, "startIndex": 0}