{"type": "block", "layer": 22, "block": 0, "features": [{"geom": {"polygons": [[[[-132.35776380362222, -23.987294087186456], [-102.91413965454558, -11.02963743917644], [-96.9962105411687, -23.97561832331121], [-126.90869499050314, -37.13650857843459], [-132.35776380362222, -23.987294087186456]]]], "centroids": [[-114.78624793610652, -24.04918521270156, 0.4]], "h": 4.3}, "mtl": {"idx": 0}, "lbl": "BANCO DO BRASIL", "lh": 10.0}], "featureCount": 1, "startIndex": 0}